{
    "pose": [
        [
            0.928407207137513,
            -0.07159279286485849,
            0.3646018784166264,
            50.000000000571454
        ],
        [
            -0.07159279286485849,
            0.9284072071327699,
            0.364601878428704,
            50.00000000222773
        ],
        [
            -0.3646018784166264,
            -0.364601878428704,
            0.8568144142702829,
            120.00000000013762
        ],
        [
            0.0,
            0.0,
            0.0,
            0.0
        ]
    ],
    "res_x": 848,
    "res_y": 480,
    "trans": true,
    "mode": "RGBA",
    "far_plane": 1.5
}