{
    "pose": [
        [
            0.9307748951697948,
            -0.06922510483302473,
            0.3589790793103605,
            50.00000000070853
        ],
        [
            -0.06922510483302473,
            0.9307748951641557,
            0.3589790793249821,
            50.00000000274508
        ],
        [
            -0.3589790793103605,
            -0.3589790793249821,
            0.8615497903339505,
            120.00000000018022
        ],
        [
            0.0,
            0.0,
            0.0,
            0.0
        ]
    ],
    "res_x": 848,
    "res_y": 480,
    "trans": true,
    "mode": "RGBA",
    "far_plane": 1.5
}