{
    "pose": [
        [
            0.9307748951706429,
            -0.0692251048293571,
            0.358979079308869,
            50.0
        ],
        [
            -0.0692251048293571,
            0.9307748951706429,
            0.358979079308869,
            50.0
        ],
        [
            -0.358979079308869,
            -0.358979079308869,
            0.8615497903412859,
            120.0
        ],
        [
            0.0,
            0.0,
            0.0,
            0.0
        ]
    ],
    "res_x": 848,
    "res_y": 480,
    "trans": true,
    "mode": "RGBA",
    "far_plane": 1.5
}