{
    "pose": [
        [
            0.908248290463863,
            -0.09175170953613698,
            0.408248290463863,
            50.0
        ],
        [
            -0.09175170953613698,
            0.908248290463863,
            0.408248290463863,
            50.0
        ],
        [
            -0.408248290463863,
            -0.408248290463863,
            0.816496580927726,
            100.0
        ],
        [
            0.0,
            0.0,
            0.0,
            0.0
        ]
    ],
    "res_x": 848,
    "res_y": 480,
    "trans": true,
    "mode": "RGBA",
    "far_plane": 1.5
}