{
    "pose": [
        [
            0.9300307794237547,
            -0.0713275086295384,
            0.36049290677785406,
            49.00457203727543
        ],
        [
            -0.0713275086295384,
            0.9272878353453586,
            0.36749102973164155,
            49.95588068709005
        ],
        [
            -0.36049290677785406,
            -0.36749102973164155,
            0.8573186147691133,
            119.04190977532744
        ],
        [
            0.0,
            0.0,
            0.0,
            0.0
        ]
    ],
    "res_x": 848,
    "res_y": 480,
    "trans": true,
    "mode": "RGBA",
    "far_plane": 1.5
}