{
    "pose": [
        [
            0.9181023880787016,
            -0.08891191955576126,
            0.38624173203460954,
            45.18511387694376
        ],
        [
            -0.08891191955576126,
            0.9034730164453759,
            0.419322285498879,
            49.05509594108126
        ],
        [
            -0.38624173203460954,
            -0.419322285498879,
            0.8215754045240775,
            96.1133278280508
        ],
        [
            0.0,
            0.0,
            0.0,
            0.0
        ]
    ],
    "res_x": 848,
    "res_y": 480,
    "trans": true,
    "mode": "RGBA",
    "far_plane": 1.5
}