{
    "pose": [
        [
            0.9323564316453802,
            -0.06895894775537777,
            0.35490301195392043,
            49.00987484504098
        ],
        [
            -0.06895894775537777,
            0.929700094314966,
            0.36180436447784087,
            49.96290824308598
        ],
        [
            -0.35490301195392043,
            -0.36180436447784087,
            0.8620565259603462,
            119.04458689731524
        ],
        [
            0.0,
            0.0,
            0.0,
            0.0
        ]
    ],
    "res_x": 848,
    "res_y": 480,
    "trans": true,
    "mode": "RGBA",
    "far_plane": 1.5
}