{
    "pose": [
        [
            0.9323649206410207,
            -0.06894760184582205,
            0.35488291443485,
            49.00464970512046
        ],
        [
            -0.06894760184582205,
            0.9297144049309245,
            0.36176975200208084,
            49.95563113823808
        ],
        [
            -0.35488291443485,
            -0.36176975200208084,
            0.8620793255719452,
            119.04178434443973
        ],
        [
            0.0,
            0.0,
            0.0,
            0.0
        ]
    ],
    "res_x": 848,
    "res_y": 480,
    "trans": true,
    "mode": "RGBA",
    "far_plane": 1.5
}