{
    "pose": [
        [
            -0.36409883095357964,
            0.4501988006987704,
            0.8153239117967936,
            40.32652181006278
        ],
        [
            -0.4501988006987704,
            0.6812728612300826,
            -0.5772246775743094,
            49.86270268348574
        ],
        [
            -0.8153239117967936,
            -0.5772246775743094,
            -0.045371692183662216,
            90.30289228127461
        ],
        [
            0.0,
            0.0,
            0.0,
            0.0
        ]
    ],
    "res_x": 848,
    "res_y": 480,
    "trans": true,
    "mode": "RGBA",
    "far_plane": 1.5
}