{
    "pose": [
        [
            0.9480079246852408,
            -0.058775187885775675,
            0.31277220468413536,
            40.56290942690402
        ],
        [
            -0.058775187885775675,
            0.9335567451367424,
            0.3535778286299681,
            45.85492324218112
        ],
        [
            -0.31277220468413536,
            -0.3535778286299681,
            0.8815646698219831,
            114.32866258707368
        ],
        [
            0.0,
            0.0,
            0.0,
            0.0
        ]
    ],
    "res_x": 848,
    "res_y": 480,
    "trans": true,
    "mode": "RGBA",
    "far_plane": 1.5
}