{
    "pose": [
        [
            0.9680719656814349,
            -0.045605960140306566,
            0.24648887532982766,
            8.771516164336965
        ],
        [
            -0.045605960140306566,
            0.9348565094998711,
            0.3520843692148209,
            12.529221579049771
        ],
        [
            -0.24648887532982766,
            -0.3520843692148209,
            0.902928475181306,
            32.131477352457
        ],
        [
            0.0,
            0.0,
            0.0,
            0.0
        ]
    ],
    "res_x": 848,
    "res_y": 480,
    "trans": true,
    "mode": "RGBA",
    "far_plane": 1.5
}