{
    "pose": [
        [
            0.9461108722933029,
            -0.06096400826698673,
            0.31805283684386193,
            40.55300910843841
        ],
        [
            -0.06096400826698673,
            0.9310322793828533,
            0.359808677554046,
            45.877045848541066
        ],
        [
            -0.31805283684386193,
            -0.359808677554046,
            0.8771431516761562,
            114.33926096150464
        ],
        [
            0.0,
            0.0,
            0.0,
            0.0
        ]
    ],
    "res_x": 848,
    "res_y": 480,
    "trans": true,
    "mode": "RGBA",
    "far_plane": 1.5
}