{
    "pose": [
        [
            0.947275491858903,
            -0.05978116887173112,
            0.3147941460253079,
            41.002121701471786
        ],
        [
            -0.05978116887173112,
            0.9322177052442754,
            0.35692626952555173,
            46.489855438297866
        ],
        [
            -0.3147941460253079,
            -0.35692626952555173,
            0.8794931971031784,
            114.55450350192314
        ],
        [
            0.0,
            0.0,
            0.0,
            0.0
        ]
    ],
    "res_x": 848,
    "res_y": 480,
    "trans": true,
    "mode": "RGBA",
    "far_plane": 1.5
}