{
    "pose": [
        [
            0.33592525173286736,
            0.7288431584587477,
            0.5966086452743427,
            -16.808180130607376
        ],
        [
            -0.7288431584587477,
            0.6023637183719132,
            -0.3254928588418481,
            36.468014926360006
        ],
        [
            -0.5966086452743427,
            -0.3254928588418481,
            0.7335615333609542,
            29.85159801330782
        ],
        [
            0.0,
            0.0,
            0.0,
            0.0
        ]
    ],
    "res_x": 848,
    "res_y": 480,
    "trans": true,
    "mode": "RGBA",
    "far_plane": 1.5
}