{
    "pose": [
        [
            0.9678222373581479,
            -0.04878176182135381,
            0.24686120916149146,
            5.664464258536967
        ],
        [
            -0.04878176182135381,
            0.9260464342135405,
            0.37424369252399103,
            8.587375989470495
        ],
        [
            -0.24686120916149146,
            -0.37424369252399103,
            0.8938686715716884,
            20.5106632959553
        ],
        [
            0.0,
            0.0,
            0.0,
            0.0
        ]
    ],
    "res_x": 848,
    "res_y": 480,
    "trans": true,
    "mode": "RGBA",
    "far_plane": 1.5
}