{
    "pose": [
        [
            0.9498260782724074,
            -0.05691338297547961,
            0.30755696687271605,
            39.6951390177212
        ],
        [
            -0.05691338297547961,
            0.9354418978986789,
            0.34886863214396896,
            45.027069270091715
        ],
        [
            -0.30755696687271605,
            -0.34886863214396896,
            0.8852679761710863,
            114.2579722363798
        ],
        [
            0.0,
            0.0,
            0.0,
            0.0
        ]
    ],
    "res_x": 848,
    "res_y": 480,
    "trans": true,
    "mode": "RGBA",
    "far_plane": 1.5
}