{
    "pose": [
        [
            0.42044552180291006,
            0.7179385837916286,
            0.5547880253746915,
            -19.719071252552297
        ],
        [
            -0.7179385837916286,
            0.6371308845111434,
            -0.28040760671800385,
            33.67162058959912
        ],
        [
            -0.5547880253746915,
            -0.28040760671800385,
            0.7833146372917666,
            26.01979099578702
        ],
        [
            0.0,
            0.0,
            0.0,
            0.0
        ]
    ],
    "res_x": 848,
    "res_y": 480,
    "trans": true,
    "mode": "RGBA",
    "far_plane": 1.5
}