{
    "pose": [
        [
            0.9479910686915981,
            -0.05904765982551552,
            0.31277197372861254,
            39.68285444288827
        ],
        [
            -0.05904765982551552,
            0.932961011827087,
            0.35510156896261147,
            45.053409695241726
        ],
        [
            -0.31277197372861254,
            -0.35510156896261147,
            0.8809520805186851,
            114.27054249980753
        ],
        [
            0.0,
            0.0,
            0.0,
            0.0
        ]
    ],
    "res_x": 848,
    "res_y": 480,
    "trans": true,
    "mode": "RGBA",
    "far_plane": 1.5
}