{
    "pose": [
        [
            0.9489607199000042,
            -0.05810435628551694,
            0.3099958642748504,
            40.21459245093691
        ],
        [
            -0.05810435628551694,
            0.9338525893637247,
            0.35290682214900887,
            45.78126891813843
        ],
        [
            -0.3099958642748504,
            -0.35290682214900887,
            0.8828133092637289,
            114.52403574915702
        ],
        [
            0.0,
            0.0,
            0.0,
            0.0
        ]
    ],
    "res_x": 848,
    "res_y": 480,
    "trans": true,
    "mode": "RGBA",
    "far_plane": 1.5
}