{
    "pose": [
        [
            0.950633406418968,
            -0.056342026485510815,
            0.30515848775968074,
            39.44575861976613
        ],
        [
            -0.056342026485510815,
            0.9356969213749092,
            0.3482769693520129,
            45.0193909621882
        ],
        [
            -0.30515848775968074,
            -0.3482769693520129,
            0.8863303277938772,
            114.56988276553797
        ],
        [
            0.0,
            0.0,
            0.0,
            0.0
        ]
    ],
    "res_x": 848,
    "res_y": 480,
    "trans": true,
    "mode": "RGBA",
    "far_plane": 1.5
}