{
    "pose": [
        [
            0.9516424794085134,
            -0.05494530029256935,
            0.30225420652321194,
            38.843443213711936
        ],
        [
            -0.05494530029256935,
            0.9375694620544271,
            0.34343051378514905,
            44.13511333230987
        ],
        [
            -0.30225420652321194,
            -0.34343051378514905,
            0.8892119414629406,
            114.27484815010419
        ],
        [
            0.0,
            0.0,
            0.0,
            0.0
        ]
    ],
    "res_x": 848,
    "res_y": 480,
    "trans": true,
    "mode": "RGBA",
    "far_plane": 1.5
}