{
    "pose": [
        [
            0.9675927601036183,
            -0.051850130897498195,
            0.24713521505640193,
            3.2132117553931496
        ],
        [
            -0.051850130897498195,
            0.9170421151976024,
            0.39540526410231275,
            5.1409947484332505
        ],
        [
            -0.24713521505640193,
            -0.39540526410231275,
            0.8846348753012206,
            11.50187835392017
        ],
        [
            0.0,
            0.0,
            0.0,
            0.0
        ]
    ],
    "res_x": 848,
    "res_y": 480,
    "trans": true,
    "mode": "RGBA",
    "far_plane": 1.5
}