{
    "pose": [
        [
            0.949874588482974,
            -0.057012131535940244,
            0.3073888140645807,
            38.829033104465225
        ],
        [
            -0.057012131535940244,
            0.935154983392659,
            0.3496209002528372,
            44.1637460076157
        ],
        [
            -0.3073888140645807,
            -0.3496209002528372,
            0.885029571875633,
            114.29600874340788
        ],
        [
            0.0,
            0.0,
            0.0,
            0.0
        ]
    ],
    "res_x": 848,
    "res_y": 480,
    "trans": true,
    "mode": "RGBA",
    "far_plane": 1.5
}