{
    "pose": [
        [
            0.4979435594507663,
            0.6964512627225831,
            0.5167280234839415,
            -21.9002416453888
        ],
        [
            -0.6964512627225831,
            0.676193166099178,
            -0.2402466248938559,
            30.63088307575309
        ],
        [
            -0.5167280234839415,
            -0.2402466248938559,
            0.8217503933515883,
            22.726408173096097
        ],
        [
            0.0,
            0.0,
            0.0,
            0.0
        ]
    ],
    "res_x": 848,
    "res_y": 480,
    "trans": true,
    "mode": "RGBA",
    "far_plane": 1.5
}