{
    "pose": [
        [
            0.9522529691828638,
            -0.05459579127063185,
            0.3003890514948128,
            38.685242037265574
        ],
        [
            -0.05459579127063185,
            0.9375730726402228,
            0.3434763937092404,
            44.23419348543912
        ],
        [
            -0.3003890514948128,
            -0.3434763937092404,
            0.8898260418230867,
            114.59517458339369
        ],
        [
            0.0,
            0.0,
            0.0,
            0.0
        ]
    ],
    "res_x": 848,
    "res_y": 480,
    "trans": true,
    "mode": "RGBA",
    "far_plane": 1.5
}