{
    "pose": [
        [
            0.9517144886639164,
            -0.05496857167280073,
            0.30202315837602983,
            37.983741441526604
        ],
        [
            -0.05496857167280073,
            0.9374233846108234,
            0.34382532500245,
            43.24096309754506
        ],
        [
            -0.30202315837602983,
            -0.34382532500245,
            0.8891378732747398,
            114.32183268969136
        ],
        [
            0.0,
            0.0,
            0.0,
            0.0
        ]
    ],
    "res_x": 848,
    "res_y": 480,
    "trans": true,
    "mode": "RGBA",
    "far_plane": 1.5
}