{
    "pose": [
        [
            0.9534125711653398,
            -0.05297866685487906,
            0.296981026333629,
            37.99967772998584
        ],
        [
            -0.05297866685487906,
            0.9397532937118844,
            0.337723271060708,
            43.21277901372231
        ],
        [
            -0.296981026333629,
            -0.337723271060708,
            0.8931658648772243,
            114.28344579370646
        ],
        [
            0.0,
            0.0,
            0.0,
            0.0
        ]
    ],
    "res_x": 848,
    "res_y": 480,
    "trans": true,
    "mode": "RGBA",
    "far_plane": 1.5
}