{
    "pose": [
        [
            0.5673664892686441,
            0.6653839966033848,
            0.48513854095410786,
            -23.327042299239697
        ],
        [
            -0.6653839966033848,
            0.7175288192218018,
            -0.20595273887538826,
            27.356992222103248
        ],
        [
            -0.48513854095410786,
            -0.20595273887538826,
            0.8498376700468423,
            19.946273669450818
        ],
        [
            0.0,
            0.0,
            0.0,
            0.0
        ]
    ],
    "res_x": 848,
    "res_y": 480,
    "trans": true,
    "mode": "RGBA",
    "far_plane": 1.5
}