{
    "pose": [
        [
            0.9673879775602315,
            -0.05473193971570334,
            0.24731541732549078,
            1.4391123343514
        ],
        [
            -0.05473193971570334,
            0.9081447576403467,
            0.41506326499138946,
            2.4152261538921302
        ],
        [
            -0.24731541732549078,
            -0.41506326499138946,
            0.8755327352005783,
            5.094668063889049
        ],
        [
            0.0,
            0.0,
            0.0,
            0.0
        ]
    ],
    "res_x": 848,
    "res_y": 480,
    "trans": true,
    "mode": "RGBA",
    "far_plane": 1.5
}