{
    "pose": [
        [
            0.9672317079274768,
            -0.05704983022723239,
            0.24740278909248417,
            0.36196157382120137
        ],
        [
            -0.05704983022723239,
            0.9006758386505854,
            0.430730020479312,
            0.6301776818144464
        ],
        [
            -0.24740278909248417,
            -0.430730020479312,
            0.8679075465780622,
            1.2697883586642096
        ],
        [
            0.0,
            0.0,
            0.0,
            0.0
        ]
    ],
    "res_x": 848,
    "res_y": 480,
    "trans": true,
    "mode": "RGBA",
    "far_plane": 1.5
}