{
    "pose": [
        [
            0.9537915862723113,
            -0.052939320180384365,
            0.29576855535196256,
            37.92472545487315
        ],
        [
            -0.052939320180384365,
            0.9393493220157456,
            0.3388514122847917,
            43.44899600839696
        ],
        [
            -0.29576855535196256,
            -0.3388514122847917,
            0.8931409082880569,
            114.52239640225784
        ],
        [
            0.0,
            0.0,
            0.0,
            0.0
        ]
    ],
    "res_x": 848,
    "res_y": 480,
    "trans": true,
    "mode": "RGBA",
    "far_plane": 1.5
}