{
    "pose": [
        [
            0.6282070412132509,
            0.6257429817662736,
            0.4623868879416304,
            -23.962481182588782
        ],
        [
            -0.6257429817662736,
            0.7595181267991679,
            -0.1777018171931174,
            23.868491503617754
        ],
        [
            -0.4623868879416304,
            -0.1777018171931174,
            0.868688914414083,
            17.63739718672767
        ],
        [
            0.0,
            0.0,
            0.0,
            0.0
        ]
    ],
    "res_x": 848,
    "res_y": 480,
    "trans": true,
    "mode": "RGBA",
    "far_plane": 1.5
}