{
    "pose": [
        [
            0.9551007628829035,
            -0.05110381058382493,
            0.29184059567563314,
            37.15591225912915
        ],
        [
            -0.05110381058382493,
            0.9418342131431667,
            0.3321697088790677,
            42.29044465071176
        ],
        [
            -0.29184059567563314,
            -0.3321697088790677,
            0.8969349760260702,
            114.19397357730696
        ],
        [
            0.0,
            0.0,
            0.0,
            0.0
        ]
    ],
    "res_x": 848,
    "res_y": 480,
    "trans": true,
    "mode": "RGBA",
    "far_plane": 1.5
}