{
    "pose": [
        [
            0.9534694158747591,
            -0.05301913332170744,
            0.29679124733263407,
            37.13863674322528
        ],
        [
            -0.05301913332170744,
            0.9395875089249068,
            0.33817788894914913,
            42.31750728887562
        ],
        [
            -0.29679124733263407,
            -0.33817788894914913,
            0.8930569247996659,
            114.25166727199417
        ],
        [
            0.0,
            0.0,
            0.0,
            0.0
        ]
    ],
    "res_x": 848,
    "res_y": 480,
    "trans": true,
    "mode": "RGBA",
    "far_plane": 1.5
}