{
    "pose": [
        [
            0.955253987375495,
            -0.05136756372867235,
            0.2912922810508345,
            37.164208872542915
        ],
        [
            -0.05136756372867235,
            0.9410310226843726,
            0.33439794817280916,
            42.66379853119166
        ],
        [
            -0.2912922810508345,
            -0.33439794817280916,
            0.8962850100598676,
            114.35154822170225
        ],
        [
            0.0,
            0.0,
            0.0,
            0.0
        ]
    ],
    "res_x": 848,
    "res_y": 480,
    "trans": true,
    "mode": "RGBA",
    "far_plane": 1.5
}