{
    "pose": [
        [
            0.9567120449281458,
            -0.04931520321759709,
            0.2868276029621497,
            36.31214679582583
        ],
        [
            -0.04931520321759709,
            0.9438183378180833,
            0.3267643737158588,
            41.36811026371877
        ],
        [
            -0.2868276029621497,
            -0.3267643737158588,
            0.9005303827462291,
            114.0064314406221
        ],
        [
            0.0,
            0.0,
            0.0,
            0.0
        ]
    ],
    "res_x": 848,
    "res_y": 480,
    "trans": true,
    "mode": "RGBA",
    "far_plane": 1.5
}