{
    "pose": [
        [
            0.955143647845512,
            -0.051160249332340965,
            0.2916903167206983,
            36.29353205370876
        ],
        [
            -0.051160249332340965,
            0.9416499339328149,
            0.33268307863878194,
            41.39405145171334
        ],
        [
            -0.2916903167206983,
            -0.33268307863878194,
            0.8967935817783269,
            114.08343194847103
        ],
        [
            0.0,
            0.0,
            0.0,
            0.0
        ]
    ],
    "res_x": 848,
    "res_y": 480,
    "trans": true,
    "mode": "RGBA",
    "far_plane": 1.5
}