{
    "pose": [
        [
            0.9997806658838392,
            -0.0018708465221260525,
            0.02085953159008738,
            2.7716479029481746e-16
        ],
        [
            -0.0018708465221260525,
            0.9840423060004755,
            0.17792481539840718,
            2.364122796102396e-15
        ],
        [
            -0.02085953159008738,
            -0.17792481539840718,
            0.9838229718843147,
            1.30722536367557e-14
        ],
        [
            0.0,
            0.0,
            0.0,
            0.0
        ]
    ],
    "res_x": 848,
    "res_y": 480,
    "trans": true,
    "mode": "RGBA",
    "far_plane": 1.5
}