{
    "pose": [
        [
            0.68013799806512,
            0.5785935795312239,
            0.45015749834165386,
            -23.746887652647327
        ],
        [
            -0.5785935795312239,
            0.8007481941005542,
            -0.1550219318998007,
            20.201483770585515
        ],
        [
            -0.45015749834165386,
            -0.1550219318998007,
            0.8793898039645658,
            15.717162648649031
        ],
        [
            0.0,
            0.0,
            0.0,
            0.0
        ]
    ],
    "res_x": 848,
    "res_y": 480,
    "trans": true,
    "mode": "RGBA",
    "far_plane": 1.5
}