{
    "pose": [
        [
            0.723083905539485,
            0.5264500598802694,
            0.44721359550199946,
            -22.59071551443559
        ],
        [
            -0.5264500598802694,
            0.8391548637550731,
            -0.13663619245377664,
            16.447446062901367
        ],
        [
            -0.44721359550199946,
            -0.13663619245377664,
            0.8839290417844119,
            13.971926401315622
        ],
        [
            0.0,
            0.0,
            0.0,
            0.0
        ]
    ],
    "res_x": 848,
    "res_y": 480,
    "trans": true,
    "mode": "RGBA",
    "far_plane": 1.5
}