{
    "pose": [
        [
            0.9995630722355767,
            -0.0016348143661553151,
            0.02951257367569714,
            10.755201085349732
        ],
        [
            -0.0016348143661553151,
            0.9938831582027855,
            0.11042461330176795,
            40.24179435799223
        ],
        [
            -0.02951257367569714,
            -0.11042461330176795,
            0.9934462304383622,
            362.03938339155644
        ],
        [
            0.0,
            0.0,
            0.0,
            0.0
        ]
    ],
    "res_x": 848,
    "res_y": 480,
    "trans": true,
    "mode": "RGBA",
    "far_plane": 1.5
}