{
    "pose": [
        [
            0.956742087975337,
            -0.04938649169896321,
            0.286715105172819,
            35.44842736933169
        ],
        [
            -0.04938649169896321,
            0.9436166599779208,
            0.327335567040585,
            40.47059559922067
        ],
        [
            -0.286715105172819,
            -0.327335567040585,
            0.9003587479532578,
            113.81712667850465
        ],
        [
            0.0,
            0.0,
            0.0,
            0.0
        ]
    ],
    "res_x": 848,
    "res_y": 480,
    "trans": true,
    "mode": "RGBA",
    "far_plane": 1.5
}