{
    "pose": [
        [
            0.9566445598993222,
            -0.049875852290324124,
            0.2869557202310942,
            36.403692290257894
        ],
        [
            -0.049875852290324124,
            0.942623102523936,
            0.3301122323490348,
            41.87860105387158
        ],
        [
            -0.2869557202310942,
            -0.3301122323490348,
            0.8992676624232582,
            114.08263004156863
        ],
        [
            0.0,
            0.0,
            0.0,
            0.0
        ]
    ],
    "res_x": 848,
    "res_y": 480,
    "trans": true,
    "mode": "RGBA",
    "far_plane": 1.5
}