{
    "pose": [
        [
            0.9582510851308497,
            -0.047607677303242606,
            0.2819368136787735,
            35.46838133809937
        ],
        [
            -0.047607677303242606,
            0.9457113808750879,
            0.32150193334585825,
            40.445775860400275
        ],
        [
            -0.2819368136787735,
            -0.32150193334585825,
            0.9039624660059375,
            113.72081936116874
        ],
        [
            0.0,
            0.0,
            0.0,
            0.0
        ]
    ],
    "res_x": 848,
    "res_y": 480,
    "trans": true,
    "mode": "RGBA",
    "far_plane": 1.5
}