{
    "pose": [
        [
            0.9597222533991583,
            -0.045976399120200566,
            0.2771630694273354,
            34.624615884910106
        ],
        [
            -0.045976399120200566,
            0.9475186807988955,
            0.31637718037346,
            39.52344144483481
        ],
        [
            -0.2771630694273354,
            -0.31637718037346,
            0.9072409341980537,
            113.33713732705726
        ],
        [
            0.0,
            0.0,
            0.0,
            0.0
        ]
    ],
    "res_x": 848,
    "res_y": 480,
    "trans": true,
    "mode": "RGBA",
    "far_plane": 1.5
}