{
    "pose": [
        [
            0.999654684433525,
            -0.0012970961388187238,
            0.026245560228657764,
            10.430918523276556
        ],
        [
            -0.0012970961388187238,
            0.9951277655666864,
            0.09858523084042976,
            39.18127491034031
        ],
        [
            -0.026245560228657764,
            -0.09858523084042976,
            0.9947824500002114,
            395.3619047920895
        ],
        [
            0.0,
            0.0,
            0.0,
            0.0
        ]
    ],
    "res_x": 848,
    "res_y": 480,
    "trans": true,
    "mode": "RGBA",
    "far_plane": 1.5
}