{
    "pose": [
        [
            0.9579673737385306,
            -0.04845987036876366,
            0.28275457877167104,
            35.643175708009075
        ],
        [
            -0.04845987036876366,
            0.9441300902411116,
            0.325990818375538,
            41.09340357646264
        ],
        [
            -0.28275457877167104,
            -0.325990818375538,
            0.9020974639796422,
            113.71564186177281
        ],
        [
            0.0,
            0.0,
            0.0,
            0.0
        ]
    ],
    "res_x": 848,
    "res_y": 480,
    "trans": true,
    "mode": "RGBA",
    "far_plane": 1.5
}