{
    "pose": [
        [
            0.7585508410100944,
            0.47360509583727967,
            0.44754757825268104,
            -20.45978917064616
        ],
        [
            -0.47360509583727967,
            0.8724507807381889,
            -0.12053152445018604,
            12.774173973719797
        ],
        [
            -0.44754757825268104,
            -0.12053152445018604,
            0.8861000602719055,
            12.071345254445859
        ],
        [
            0.0,
            0.0,
            0.0,
            0.0
        ]
    ],
    "res_x": 848,
    "res_y": 480,
    "trans": true,
    "mode": "RGBA",
    "far_plane": 1.5
}