{
    "pose": [
        [
            0.9582693254763509,
            -0.04769278463582197,
            0.2818604231615011,
            34.60332268873871
        ],
        [
            -0.04769278463582197,
            0.9454932916305998,
            0.32213015036660975,
            39.54713973632549
        ],
        [
            -0.2818604231615011,
            -0.32213015036660975,
            0.9037626171069507,
            113.45275144695228
        ],
        [
            0.0,
            0.0,
            0.0,
            0.0
        ]
    ],
    "res_x": 848,
    "res_y": 480,
    "trans": true,
    "mode": "RGBA",
    "far_plane": 1.5
}