{
    "pose": [
        [
            0.9592262039251683,
            -0.04711563329204421,
            0.2786847803573079,
            34.88265912579086
        ],
        [
            -0.04711563329204421,
            0.945556138642665,
            0.32203059757523494,
            40.30820609898112
        ],
        [
            -0.2786847803573079,
            -0.32203059757523494,
            0.9047823425678333,
            113.25058368226256
        ],
        [
            0.0,
            0.0,
            0.0,
            0.0
        ]
    ],
    "res_x": 848,
    "res_y": 480,
    "trans": true,
    "mode": "RGBA",
    "far_plane": 1.5
}