{
    "pose": [
        [
            0.9997206734035597,
            -0.0010535787111523157,
            0.023610699723481635,
            10.106639953820151
        ],
        [
            -0.0010535787111523157,
            0.9960260565419131,
            0.0890560759379451,
            38.120754816501254
        ],
        [
            -0.023610699723481635,
            -0.0890560759379451,
            0.9957467299454729,
            426.2327589869791
        ],
        [
            0.0,
            0.0,
            0.0,
            0.0
        ]
    ],
    "res_x": 848,
    "res_y": 480,
    "trans": true,
    "mode": "RGBA",
    "far_plane": 1.5
}