{
    "pose": [
        [
            0.9611296447539404,
            -0.0444168433711068,
            0.2725012844008465,
            33.78085043562146
        ],
        [
            -0.0444168433711068,
            0.9492452291067388,
            0.3113850334281364,
            38.60110701956819
        ],
        [
            -0.2725012844008465,
            -0.3113850334281364,
            0.9103748738606792,
            112.85538533094643
        ],
        [
            0.0,
            0.0,
            0.0,
            0.0
        ]
    ],
    "res_x": 848,
    "res_y": 480,
    "trans": true,
    "mode": "RGBA",
    "far_plane": 1.5
}