{
    "pose": [
        [
            0.787341176658274,
            0.42425942893295315,
            0.4473229353608521,
            -17.390053364950674
        ],
        [
            -0.42425942893295315,
            0.8992939538409519,
            -0.10618060814759157,
            9.370644300659695
        ],
        [
            -0.4473229353608521,
            -0.10618060814759157,
            0.8880472228173221,
            9.880049396511962
        ],
        [
            0.0,
            0.0,
            0.0,
            0.0
        ]
    ],
    "res_x": 848,
    "res_y": 480,
    "trans": true,
    "mode": "RGBA",
    "far_plane": 1.5
}