{
    "pose": [
        [
            0.959729659462247,
            -0.046074378143285036,
            0.27712115117253133,
            33.75821801121691
        ],
        [
            -0.046074378143285036,
            0.9472850665541237,
            0.3170617516545617,
            38.62368386565056
        ],
        [
            -0.27712115117253133,
            -0.3170617516545617,
            0.9070147260163707,
            112.99030624581154
        ],
        [
            0.0,
            0.0,
            0.0,
            0.0
        ]
    ],
    "res_x": 848,
    "res_y": 480,
    "trans": true,
    "mode": "RGBA",
    "far_plane": 1.5
}