{
    "pose": [
        [
            0.9604245512853847,
            -0.04583946622772733,
            0.2747424696406154,
            34.12214254359946
        ],
        [
            -0.04583946622772733,
            0.9469050451153329,
            0.3182288152746171,
            39.5230086214382
        ],
        [
            -0.2747424696406154,
            -0.3182288152746171,
            0.9073295964007176,
            112.68745550300247
        ],
        [
            0.0,
            0.0,
            0.0,
            0.0
        ]
    ],
    "res_x": 848,
    "res_y": 480,
    "trans": true,
    "mode": "RGBA",
    "far_plane": 1.5
}