{
    "pose": [
        [
            0.9611271215213595,
            -0.0445268232832057,
            0.27249223527354316,
            32.91311333632995
        ],
        [
            -0.0445268232832057,
            0.9489968824206514,
            0.3121254221690224,
            37.700227988831415
        ],
        [
            -0.27249223527354316,
            -0.3121254221690224,
            0.9101240039420109,
            112.42979107014654
        ],
        [
            0.0,
            0.0,
            0.0,
            0.0
        ]
    ],
    "res_x": 848,
    "res_y": 480,
    "trans": true,
    "mode": "RGBA",
    "far_plane": 1.5
}