{
    "pose": [
        [
            0.8100669396085518,
            0.37919856448093336,
            0.4472135977906243,
            -13.645635607246678
        ],
        [
            -0.37919856448093336,
            0.9205600919182043,
            -0.09368866453924214,
            6.387626973393426
        ],
        [
            -0.4472135977906243,
            -0.09368866453924214,
            0.8895068476903475,
            7.533345080106035
        ],
        [
            0.0,
            0.0,
            0.0,
            0.0
        ]
    ],
    "res_x": 848,
    "res_y": 480,
    "trans": true,
    "mode": "RGBA",
    "far_plane": 1.5
}