{
    "pose": [
        [
            0.9624771008908459,
            -0.04292476953414618,
            0.26794643946354807,
            32.93708498980947
        ],
        [
            -0.04292476953414618,
            0.9508956961401189,
            0.30652053637992854,
            37.67877258634428
        ],
        [
            -0.26794643946354807,
            -0.30652053637992854,
            0.9133727970309649,
            112.27556336788547
        ],
        [
            0.0,
            0.0,
            0.0,
            0.0
        ]
    ],
    "res_x": 848,
    "res_y": 480,
    "trans": true,
    "mode": "RGBA",
    "far_plane": 1.5
}