{
    "pose": [
        [
            0.9997697540009763,
            -0.0008722810002223121,
            0.021440105192930638,
            9.782364463804383
        ],
        [
            -0.0008722810002223121,
            0.9966953860367814,
            0.08122528287945736,
            37.06023425036433
        ],
        [
            -0.021440105192930638,
            -0.08122528287945736,
            0.9964651400377578,
            454.6519285987141
        ],
        [
            0.0,
            0.0,
            0.0,
            0.0
        ]
    ],
    "res_x": 848,
    "res_y": 480,
    "trans": true,
    "mode": "RGBA",
    "far_plane": 1.5
}