{
    "pose": [
        [
            0.929020930302008,
            -0.08067170155037313,
            0.36112627657061863,
            40.75625190847512
        ],
        [
            -0.08067170155037313,
            0.9083120776487636,
            0.4104403076774428,
            46.321770689047916
        ],
        [
            -0.36112627657061863,
            -0.4104403076774428,
            0.8373330079507717,
            94.50033746477976
        ],
        [
            0.0,
            0.0,
            0.0,
            0.0
        ]
    ],
    "res_x": 848,
    "res_y": 480,
    "trans": true,
    "mode": "RGBA",
    "far_plane": 1.5
}