{
    "pose": [
        [
            -0.31275059507968167,
            0.4940012240148085,
            0.8112643563901818,
            31.307461126262133
        ],
        [
            -0.4940012240148085,
            0.6449073544757402,
            -0.5831443173134527,
            49.45130196548198
        ],
        [
            -0.8112643563901818,
            -0.5831443173134527,
            0.04234205044457806,
            81.2104843296515
        ],
        [
            0.0,
            0.0,
            0.0,
            0.0
        ]
    ],
    "res_x": 848,
    "res_y": 480,
    "trans": true,
    "mode": "RGBA",
    "far_plane": 1.5
}