{
    "pose": [
        [
            0.9316963536694994,
            -0.07087241415215548,
            0.35625693743589665,
            48.01861960952111
        ],
        [
            -0.07087241415215548,
            0.9264622116445971,
            0.3696550707170771,
            49.82450687206019
        ],
        [
            -0.35625693743589665,
            -0.3696550707170771,
            0.8581585653140965,
            118.16817479837763
        ],
        [
            0.0,
            0.0,
            0.0,
            0.0
        ]
    ],
    "res_x": 848,
    "res_y": 480,
    "trans": true,
    "mode": "RGBA",
    "far_plane": 1.5
}