{
    "pose": [
        [
            0.9339937907315294,
            -0.06848676203899566,
            0.350663887933106,
            48.01893765461195
        ],
        [
            -0.06848676203899566,
            0.9289394645357021,
            0.3638420462969295,
            49.82351801389822
        ],
        [
            -0.350663887933106,
            -0.3638420462969295,
            0.8629332552672315,
            118.16768025076263
        ],
        [
            0.0,
            0.0,
            0.0,
            0.0
        ]
    ],
    "res_x": 848,
    "res_y": 480,
    "trans": true,
    "mode": "RGBA",
    "far_plane": 1.5
}