{
    "pose": [
        [
            0.9339601285370877,
            -0.06853188207957504,
            0.3507447211885276,
            48.039551427010586
        ],
        [
            -0.06853188207957504,
            0.9288820714315537,
            0.36398005235405034,
            49.85232103912369
        ],
        [
            -0.3507447211885276,
            -0.36398005235405034,
            0.8628421999686413,
            118.17869160889965
        ],
        [
            0.0,
            0.0,
            0.0,
            0.0
        ]
    ],
    "res_x": 848,
    "res_y": 480,
    "trans": true,
    "mode": "RGBA",
    "far_plane": 1.5
}