{
    "pose": [
        [
            0.9624654968866198,
            -0.043045949052289756,
            0.2679686802090496,
            32.068008663787516
        ],
        [
            -0.043045949052289756,
            0.9506333219807089,
            0.30731634094221144,
            36.776772106987075
        ],
        [
            -0.2679686802090496,
            -0.30731634094221144,
            0.9130988188673286,
            111.77120591663376
        ],
        [
            0.0,
            0.0,
            0.0,
            0.0
        ]
    ],
    "res_x": 848,
    "res_y": 480,
    "trans": true,
    "mode": "RGBA",
    "far_plane": 1.5
}