{
    "pose": [
        [
            0.961565661220156,
            -0.044627985422930186,
            0.2709240153241033,
            33.36162596143216
        ],
        [
            -0.044627985422930186,
            0.9481802693597075,
            0.31458308872862734,
            38.73781114384207
        ],
        [
            -0.2709240153241033,
            -0.31458308872862734,
            0.9097459305798634,
            112.02625732396719
        ],
        [
            0.0,
            0.0,
            0.0,
            0.0
        ]
    ],
    "res_x": 848,
    "res_y": 480,
    "trans": true,
    "mode": "RGBA",
    "far_plane": 1.5
}