{
    "pose": [
        [
            0.9637682303889769,
            -0.041496199752279986,
            0.2634935739235759,
            32.093319547177224
        ],
        [
            -0.041496199752279986,
            0.9524744550882428,
            0.30177885580416963,
            36.75643814643393
        ],
        [
            -0.2634935739235759,
            -0.30177885580416963,
            0.9162426854772197,
            111.59767143434381
        ],
        [
            0.0,
            0.0,
            0.0,
            0.0
        ]
    ],
    "res_x": 848,
    "res_y": 480,
    "trans": true,
    "mode": "RGBA",
    "far_plane": 1.5
}