{
    "pose": [
        [
            0.8264954209392085,
            0.3419141971402613,
            0.447213596573775,
            -9.790211387228155
        ],
        [
            -0.3419141971402613,
            0.9359947378647382,
            -0.08371697846584433,
            4.050128024295215
        ],
        [
            -0.447213596573775,
            -0.08371697846584433,
            0.8905006830744703,
            5.2974469486163915
        ],
        [
            0.0,
            0.0,
            0.0,
            0.0
        ]
    ],
    "res_x": 848,
    "res_y": 480,
    "trans": true,
    "mode": "RGBA",
    "far_plane": 1.5
}