{
    "pose": [
        [
            0.9998072358793205,
            -0.0007337054363060197,
            0.019620213038735446,
            9.45809141107891
        ],
        [
            -0.0007337054363060197,
            0.9972073450942655,
            0.07467913072860008,
            35.99971333321134
        ],
        [
            -0.019620213038735446,
            -0.07467913072860008,
            0.997014580973586,
            480.6194013495014
        ],
        [
            0.0,
            0.0,
            0.0,
            0.0
        ]
    ],
    "res_x": 848,
    "res_y": 480,
    "trans": true,
    "mode": "RGBA",
    "far_plane": 1.5
}