{
    "pose": [
        [
            0.9998365016256566,
            -0.0006254229756216442,
            0.018071493105716818,
            9.133820373391389
        ],
        [
            -0.0006254229756216442,
            0.9976075976289901,
            0.06912806954498647,
            34.93919214585945
        ],
        [
            -0.018071493105716818,
            -0.06912806954498647,
            0.9974440992546467,
            504.135169230099
        ],
        [
            0.0,
            0.0,
            0.0,
            0.0
        ]
    ],
    "res_x": 848,
    "res_y": 480,
    "trans": true,
    "mode": "RGBA",
    "far_plane": 1.5
}