{
    "pose": [
        [
            0.9637483443234951,
            -0.0416278407279918,
            0.2635455400685941,
            31.222903993386584
        ],
        [
            -0.0416278407279918,
            0.9521986764097468,
            0.30262981267524075,
            35.853316220931994
        ],
        [
            -0.2635455400685941,
            -0.30262981267524075,
            0.9159470207332419,
            111.01455078290843
        ],
        [
            0.0,
            0.0,
            0.0,
            0.0
        ]
    ],
    "res_x": 848,
    "res_y": 480,
    "trans": true,
    "mode": "RGBA",
    "far_plane": 1.5
}