{
    "pose": [
        [
            0.9626525407146109,
            -0.043478081594764025,
            0.2672260134727592,
            32.60110937928695
        ],
        [
            -0.043478081594764025,
            0.9493849483919112,
            0.31109142737743034,
            37.952613666198964
        ],
        [
            -0.2672260134727592,
            -0.31109142737743034,
            0.9120374891065222,
            111.26698914513787
        ],
        [
            0.0,
            0.0,
            0.0,
            0.0
        ]
    ],
    "res_x": 848,
    "res_y": 480,
    "trans": true,
    "mode": "RGBA",
    "far_plane": 1.5
}