{
    "pose": [
        [
            0.8361155718541027,
            0.3173611918077969,
            0.44742890433835575,
            -6.354844248235204
        ],
        [
            -0.3173611918077969,
            0.9451460857858961,
            -0.07733531184351851,
            2.412083941817512
        ],
        [
            -0.44742890433835575,
            -0.07733531184351851,
            0.8909694860682066,
            3.400655477476175
        ],
        [
            0.0,
            0.0,
            0.0,
            0.0
        ]
    ],
    "res_x": 848,
    "res_y": 480,
    "trans": true,
    "mode": "RGBA",
    "far_plane": 1.5
}