{
    "pose": [
        [
            0.9650064276883958,
            -0.04012739813059529,
            0.25913777501427593,
            31.249554107510765
        ],
        [
            -0.04012739813059529,
            0.9539856043734825,
            0.2971552768628384,
            35.83410370080566
        ],
        [
            -0.25913777501427593,
            -0.2971552768628384,
            0.9189920320618783,
            110.82170952770916
        ],
        [
            0.0,
            0.0,
            0.0,
            0.0
        ]
    ],
    "res_x": 848,
    "res_y": 480,
    "trans": true,
    "mode": "RGBA",
    "far_plane": 1.5
}