{
    "pose": [
        [
            0.9636879736671959,
            -0.042386905418415444,
            0.2636452913637262,
            31.840592797162312
        ],
        [
            -0.042386905418415444,
            0.950521908789028,
            0.3077522561430105,
            37.16741618851378
        ],
        [
            -0.2636452913637262,
            -0.3077522561430105,
            0.9142098824562239,
            110.40965096650015
        ],
        [
            0.0,
            0.0,
            0.0,
            0.0
        ]
    ],
    "res_x": 848,
    "res_y": 480,
    "trans": true,
    "mode": "RGBA",
    "far_plane": 1.5
}