{
    "pose": [
        [
            0.8424330082303676,
            0.3003115144650378,
            0.4473473157666746,
            -3.604625873989815
        ],
        [
            -0.3003115144650378,
            0.9510500488661414,
            -0.07291638246255408,
            1.2849812919506638
        ],
        [
            -0.4473473157666746,
            -0.07291638246255408,
            0.8913829593642262,
            1.914122183388493
        ],
        [
            0.0,
            0.0,
            0.0,
            0.0
        ]
    ],
    "res_x": 848,
    "res_y": 480,
    "trans": true,
    "mode": "RGBA",
    "far_plane": 1.5
}