{
    "pose": [
        [
            0.9661948909609713,
            -0.03881485131113424,
            0.2548741650277863,
            30.40578867065406
        ],
        [
            -0.03881485131113424,
            0.9554329885294537,
            0.29264519771793857,
            34.911769250223315
        ],
        [
            -0.2548741650277863,
            -0.29264519771793857,
            0.921627879490425,
            109.9476776460017
        ],
        [
            0.0,
            0.0,
            0.0,
            0.0
        ]
    ],
    "res_x": 848,
    "res_y": 480,
    "trans": true,
    "mode": "RGBA",
    "far_plane": 1.5
}