{
    "pose": [
        [
            0.9998597879464525,
            -0.0005392099967206299,
            0.0167365976307786,
            8.809551057308207
        ],
        [
            -0.0005392099967206299,
            0.9979263735662722,
            0.0643635160121659,
            33.87867074573818
        ],
        [
            -0.0167365976307786,
            -0.0643635160121659,
            0.9977861615127247,
            525.1992267506644
        ],
        [
            0.0,
            0.0,
            0.0,
            0.0
        ]
    ],
    "res_x": 848,
    "res_y": 480,
    "trans": true,
    "mode": "RGBA",
    "far_plane": 1.5
}