{
    "pose": [
        [
            0.9649790148610178,
            -0.040268819557403704,
            0.25921790649820625,
            30.377799324981297
        ],
        [
            -0.040268819557403704,
            0.9536969670581383,
            0.2980612641648718,
            34.929860331286065
        ],
        [
            -0.25921790649820625,
            -0.2980612641648718,
            0.9186759819191561,
            110.15982566722639
        ],
        [
            0.0,
            0.0,
            0.0,
            0.0
        ]
    ],
    "res_x": 848,
    "res_y": 480,
    "trans": true,
    "mode": "RGBA",
    "far_plane": 1.5
}