{
    "pose": [
        [
            0.9673366390014385,
            -0.03755525019294398,
            0.250697885967046,
            29.562023236493868
        ],
        [
            -0.03755525019294398,
            0.9568202177015178,
            0.28824412254296783,
            33.989434795306124
        ],
        [
            -0.250697885967046,
            -0.28824412254296783,
            0.9241568567029563,
            108.97557578769974
        ],
        [
            0.0,
            0.0,
            0.0,
            0.0
        ]
    ],
    "res_x": 848,
    "res_y": 480,
    "trans": true,
    "mode": "RGBA",
    "far_plane": 1.5
}