{
    "pose": [
        [
            0.9646745346150093,
            -0.041351855085688456,
            0.2601789121859946,
            31.08007621505705
        ],
        [
            -0.041351855085688456,
            0.9515936761089545,
            0.3045644425575948,
            36.382218710790504
        ],
        [
            -0.2601789121859946,
            -0.3045644425575948,
            0.9162682107239638,
            109.45424278804293
        ],
        [
            0.0,
            0.0,
            0.0,
            0.0
        ]
    ],
    "res_x": 848,
    "res_y": 480,
    "trans": true,
    "mode": "RGBA",
    "far_plane": 1.5
}