{
    "pose": [
        [
            0.96616066949458,
            -0.038965423656888654,
            0.2549808943450942,
            29.53269465846581
        ],
        [
            -0.038965423656888654,
            0.9551319657308931,
            0.29360623937218916,
            34.00640443853755
        ],
        [
            -0.2549808943450942,
            -0.29360623937218916,
            0.9212926352254731,
            109.20703056827169
        ],
        [
            0.0,
            0.0,
            0.0,
            0.0
        ]
    ],
    "res_x": 848,
    "res_y": 480,
    "trans": true,
    "mode": "RGBA",
    "far_plane": 1.5
}