{
    "pose": [
        [
            0.8468708763133371,
            0.287716483165026,
            0.44724595489219326,
            -1.6110090251288502
        ],
        [
            -0.287716483165026,
            0.9551778222578857,
            -0.06967462365762817,
            0.5473252936445208
        ],
        [
            -0.44724595489219326,
            -0.06967462365762817,
            0.8916930540554514,
            0.8507994429095316
        ],
        [
            0.0,
            0.0,
            0.0,
            0.0
        ]
    ],
    "res_x": 848,
    "res_y": 480,
    "trans": true,
    "mode": "RGBA",
    "far_plane": 1.5
}