{
    "pose": [
        [
            0.9998786212946222,
            -0.00046945097095600424,
            0.01557312729516095,
            8.4852832485906
        ],
        [
            -0.00046945097095600424,
            0.9981843255499749,
            0.06023148547169934,
            32.818149176084056
        ],
        [
            -0.01557312729516095,
            -0.06023148547169934,
            0.9980629468445972,
            543.8115699812562
        ],
        [
            0.0,
            0.0,
            0.0,
            0.0
        ]
    ],
    "res_x": 848,
    "res_y": 480,
    "trans": true,
    "mode": "RGBA",
    "far_plane": 1.5
}