{
    "pose": [
        [
            0.9656146009150759,
            -0.040370565936627474,
            0.2568241809206739,
            30.319559632970257
        ],
        [
            -0.040370565936627474,
            0.9526024813608126,
            0.30152732863072157,
            35.5970212330324
        ],
        [
            -0.2568241809206739,
            -0.30152732863072157,
            0.9182170822758885,
            108.40076460975756
        ],
        [
            0.0,
            0.0,
            0.0,
            0.0
        ]
    ],
    "res_x": 848,
    "res_y": 480,
    "trans": true,
    "mode": "RGBA",
    "far_plane": 1.5
}