{
    "pose": [
        [
            0.9998940720530773,
            -0.0004122060235715274,
            0.014549046680432649,
            8.161016784740717
        ],
        [
            -0.0004122060235715274,
            0.9983959492201544,
            0.056615887054615385,
            31.75762747102279
        ],
        [
            -0.014549046680432649,
            -0.056615887054615385,
            0.9982900212732317,
            559.9721960207321
        ],
        [
            0.0,
            0.0,
            0.0,
            0.0
        ]
    ],
    "res_x": 848,
    "res_y": 480,
    "trans": true,
    "mode": "RGBA",
    "far_plane": 1.5
}