{
    "pose": [
        [
            0.9684345272687283,
            -0.03634547266290787,
            0.2466040814964436,
            28.71825780495015
        ],
        [
            -0.03634547266290787,
            0.9581506858985995,
            0.28394765314922604,
            33.06710033656778
        ],
        [
            -0.2466040814964436,
            -0.28394765314922604,
            0.9265852131673278,
            107.90540395162829
        ],
        [
            0.0,
            0.0,
            0.0,
            0.0
        ]
    ],
    "res_x": 848,
    "res_y": 480,
    "trans": true,
    "mode": "RGBA",
    "far_plane": 1.5
}