{
    "pose": [
        [
            0.8497791020323374,
            0.2790608398691082,
            0.4472141829153703,
            -0.4041849172139712
        ],
        [
            -0.2790608398691082,
            0.9579004042899547,
            -0.06746749671278233,
            0.13273117942110157
        ],
        [
            -0.4472141829153703,
            -0.06746749671278233,
            0.8918786977423827,
            0.2127108410482942
        ],
        [
            0.0,
            0.0,
            0.0,
            0.0
        ]
    ],
    "res_x": 848,
    "res_y": 480,
    "trans": true,
    "mode": "RGBA",
    "far_plane": 1.5
}