{
    "pose": [
        [
            0.967296295993314,
            -0.03771438998732758,
            0.25082962453725205,
            28.687589993763964
        ],
        [
            -0.03771438998732758,
            0.9565072136224863,
            0.2892603932031332,
            33.082948543081784
        ],
        [
            -0.25082962453725205,
            -0.2892603932031332,
            0.9238035096158003,
            108.15616548503964
        ],
        [
            0.0,
            0.0,
            0.0,
            0.0
        ]
    ],
    "res_x": 848,
    "res_y": 480,
    "trans": true,
    "mode": "RGBA",
    "far_plane": 1.5
}