{
    "pose": [
        [
            0.9665103634227836,
            -0.03944090220192782,
            0.2535786517628341,
            29.559043050901227
        ],
        [
            -0.03944090220192782,
            0.9535502643357937,
            0.2986407685140057,
            34.81182375524221
        ],
        [
            -0.2535786517628341,
            -0.2986407685140057,
            0.9200606277585773,
            107.24921643163735
        ],
        [
            0.0,
            0.0,
            0.0,
            0.0
        ]
    ],
    "res_x": 848,
    "res_y": 480,
    "trans": true,
    "mode": "RGBA",
    "far_plane": 1.5
}