{
    "pose": [
        [
            0.9683887249503252,
            -0.036512637265950415,
            0.2467592038992031,
            27.842485330822804
        ],
        [
            -0.036512637265950415,
            0.9578260390313301,
            0.28501948402422933,
            32.159492645246445
        ],
        [
            -0.2467592038992031,
            -0.28501948402422933,
            0.9262147639816554,
            107.00723041676189
        ],
        [
            0.0,
            0.0,
            0.0,
            0.0
        ]
    ],
    "res_x": 848,
    "res_y": 480,
    "trans": true,
    "mode": "RGBA",
    "far_plane": 1.5
}