{
    "pose": [
        [
            0.9999069087060946,
            -0.00036464513015808215,
            0.013639683125023208,
            7.836751538875812
        ],
        [
            -0.00036464513015808215,
            0.9985716594391416,
            0.05342759585539984,
            30.697105658569118
        ],
        [
            -0.013639683125023208,
            -0.05342759585539984,
            0.9984785681452362,
            573.6811026856889
        ],
        [
            0.0,
            0.0,
            0.0,
            0.0
        ]
    ],
    "res_x": 848,
    "res_y": 480,
    "trans": true,
    "mode": "RGBA",
    "far_plane": 1.5
}