{
    "pose": [
        [
            0.9694912632121713,
            -0.035182567199508935,
            0.24258787587288952,
            27.874492375969965
        ],
        [
            -0.035182567199508935,
            0.9594275881247964,
            0.27975147919231463,
            32.14476587444309
        ],
        [
            -0.24258787587288952,
            -0.27975147919231463,
            0.9289188513369677,
            106.73716213688476
        ],
        [
            0.0,
            0.0,
            0.0,
            0.0
        ]
    ],
    "res_x": 848,
    "res_y": 480,
    "trans": true,
    "mode": "RGBA",
    "far_plane": 1.5
}