{
    "pose": [
        [
            0.970509421023787,
            -0.034063737206364325,
            0.23864434942317286,
            27.030726949523352
        ],
        [
            -0.034063737206364325,
            0.9606539365198569,
            0.2756513668684386,
            31.22243140930677
        ],
        [
            -0.23864434942317286,
            -0.2756513668684386,
            0.9311633575436439,
            105.47085034278864
        ],
        [
            0.0,
            0.0,
            0.0,
            0.0
        ]
    ],
    "res_x": 848,
    "res_y": 480,
    "trans": true,
    "mode": "RGBA",
    "far_plane": 1.5
}