{
    "pose": [
        [
            0.9999176945376644,
            -0.0003246930870679618,
            0.012825705628974338,
            7.512487409712459
        ],
        [
            -0.0003246930870679618,
            0.9987190935109511,
            0.05059710299081581,
            29.636583762512682
        ],
        [
            -0.012825705628974338,
            -0.05059710299081581,
            0.9986367880486156,
            584.9382883186337
        ],
        [
            0.0,
            0.0,
            0.0,
            0.0
        ]
    ],
    "res_x": 848,
    "res_y": 480,
    "trans": true,
    "mode": "RGBA",
    "far_plane": 1.5
}