{
    "pose": [
        [
            0.9673638356876393,
            -0.038560950935682146,
            0.2504401374912457,
            28.798526468849417
        ],
        [
            -0.038560950935682146,
            0.9544386735269342,
            0.29590517322122317,
            34.02662627742227
        ],
        [
            -0.2504401374912457,
            -0.29590517322122317,
            0.9218025092145734,
            105.99959825367709
        ],
        [
            0.0,
            0.0,
            0.0,
            0.0
        ]
    ],
    "res_x": 848,
    "res_y": 480,
    "trans": true,
    "mode": "RGBA",
    "far_plane": 1.5
}