{
    "pose": [
        [
            0.9694406452215281,
            -0.03535724967007032,
            0.2427647014873366,
            26.997380669608454
        ],
        [
            -0.03535724967007032,
            0.959091573978114,
            0.2808793648881175,
            31.236036745308777
        ],
        [
            -0.2427647014873366,
            -0.2808793648881175,
            0.928532219199642,
            105.76022536285689
        ],
        [
            0.0,
            0.0,
            0.0,
            0.0
        ]
    ],
    "res_x": 848,
    "res_y": 480,
    "trans": true,
    "mode": "RGBA",
    "far_plane": 1.5
}