{
    "pose": [
        [
            0.9999268500863855,
            -0.0002908001142930043,
            0.012091729058026355,
            7.18822431505614
        ],
        [
            -0.0002908001142930043,
            0.998843953433514,
            0.04806945105367575,
            28.576061803673266
        ],
        [
            -0.012091729058026355,
            -0.04806945105367575,
            0.9987708035198994,
            593.7437516650525
        ],
        [
            0.0,
            0.0,
            0.0,
            0.0
        ]
    ],
    "res_x": 848,
    "res_y": 480,
    "trans": true,
    "mode": "RGBA",
    "far_plane": 1.5
}