{
    "pose": [
        [
            0.9714914559672461,
            -0.032986325924396674,
            0.234768509993674,
            26.18696152560081
        ],
        [
            -0.032986325924396674,
            0.9618325756397664,
            0.27164314594736705,
            30.300096941487364
        ],
        [
            -0.234768509993674,
            -0.27164314594736705,
            0.9333240316070125,
            104.10646856884703
        ],
        [
            0.0,
            0.0,
            0.0,
            0.0
        ]
    ],
    "res_x": 848,
    "res_y": 480,
    "trans": true,
    "mode": "RGBA",
    "far_plane": 1.5
}