{
    "pose": [
        [
            0.9704546189091843,
            -0.03424546117980722,
            0.2388411208866938,
            26.15227601010335
        ],
        [
            -0.03424546117980722,
            0.9603067698530301,
            0.27683597339042104,
            30.31258084350777
        ],
        [
            -0.2388411208866938,
            -0.27683597339042104,
            0.9307613887622144,
            104.41515032289668
        ],
        [
            0.0,
            0.0,
            0.0,
            0.0
        ]
    ],
    "res_x": 848,
    "res_y": 480,
    "trans": true,
    "mode": "RGBA",
    "far_plane": 1.5
}