{
    "pose": [
        [
            0.9681768616621698,
            -0.037729018268642264,
            0.24740672125566066,
            28.038009886814436
        ],
        [
            -0.037729018268642264,
            0.9552690622651958,
            0.29332156391826675,
            33.24142879957457
        ],
        [
            -0.24740672125566066,
            -0.29332156391826675,
            0.9234459239273656,
            104.65191007587298
        ],
        [
            0.0,
            0.0,
            0.0,
            0.0
        ]
    ],
    "res_x": 848,
    "res_y": 480,
    "trans": true,
    "mode": "RGBA",
    "far_plane": 1.5
}