{
    "pose": [
        [
            0.9689511218911216,
            -0.0369436281743627,
            0.24447677133676987,
            27.277493304796014
        ],
        [
            -0.0369436281743627,
            0.9560424805720986,
            0.2908916356289107,
            32.456231321700876
        ],
        [
            -0.24447677133676987,
            -0.2908916356289107,
            0.9249936024632203,
            103.20615189822232
        ],
        [
            0.0,
            0.0,
            0.0,
            0.0
        ]
    ],
    "res_x": 848,
    "res_y": 480,
    "trans": true,
    "mode": "RGBA",
    "far_plane": 1.5
}