{
    "pose": [
        [
            0.9714330960604529,
            -0.03317464039509846,
            0.23498336773707768,
            25.307171352304724
        ],
        [
            -0.03317464039509846,
            0.9614744122193611,
            0.27288532001939936,
            29.389124940053236
        ],
        [
            -0.23498336773707768,
            -0.27288532001939936,
            0.9329075082798141,
            102.97200529658434
        ],
        [
            0.0,
            0.0,
            0.0,
            0.0
        ]
    ],
    "res_x": 848,
    "res_y": 480,
    "trans": true,
    "mode": "RGBA",
    "far_plane": 1.5
}