{
    "pose": [
        [
            0.9724397184471578,
            -0.03194780175995138,
            0.2309552596264462,
            25.343196104211874
        ],
        [
            -0.03194780175995138,
            0.9629661970130382,
            0.2677226949157529,
            29.37776247127772
        ],
        [
            -0.2309552596264462,
            -0.2677226949157529,
            0.9354059154601961,
            102.64401681473133
        ],
        [
            0.0,
            0.0,
            0.0,
            0.0
        ]
    ],
    "res_x": 848,
    "res_y": 480,
    "trans": true,
    "mode": "RGBA",
    "far_plane": 1.5
}