{
    "pose": [
        [
            0.9696881381136493,
            -0.036203524018108196,
            0.24164895954742818,
            26.516976722793988
        ],
        [
            -0.036203524018108196,
            0.9567596620674781,
            0.2886178336298631,
            31.6710338438027
        ],
        [
            -0.24164895954742818,
            -0.2886178336298631,
            0.9264478001811274,
            101.66232372072345
        ],
        [
            0.0,
            0.0,
            0.0,
            0.0
        ]
    ],
    "res_x": 848,
    "res_y": 480,
    "trans": true,
    "mode": "RGBA",
    "far_plane": 1.5
}