{
    "pose": [
        [
            0.9723784292705877,
            -0.03214227564571791,
            0.2311862115386198,
            24.462066696223737
        ],
        [
            -0.03214227564571791,
            0.9625971349056842,
            0.2690234747892507,
            28.46566903513265
        ],
        [
            -0.2311862115386198,
            -0.2690234747892507,
            0.9349755641762718,
            101.43079028373928
        ],
        [
            0.0,
            0.0,
            0.0,
            0.0
        ]
    ],
    "res_x": 848,
    "res_y": 480,
    "trans": true,
    "mode": "RGBA",
    "far_plane": 1.5
}