{
    "pose": [
        [
            0.9733564680002128,
            -0.03094574384986721,
            0.22719935550025053,
            24.499430685384528
        ],
        [
            -0.03094574384986721,
            0.9640573531155989,
            0.26388592391661186,
            28.455427998943243
        ],
        [
            -0.22719935550025053,
            -0.26388592391661186,
            0.9374138211158117,
            101.08349508026204
        ],
        [
            0.0,
            0.0,
            0.0,
            0.0
        ]
    ],
    "res_x": 848,
    "res_y": 480,
    "trans": true,
    "mode": "RGBA",
    "far_plane": 1.5
}