{
    "pose": [
        [
            0.9355834205372567,
            -0.06794661084039777,
            0.34650674061424847,
            47.08913349437929
        ],
        [
            -0.06794661084039777,
            0.9283299119077464,
            0.36549532518578026,
            49.669620073581505
        ],
        [
            -0.34650674061424847,
            -0.36549532518578026,
            0.8639133324450031,
            117.40299818399554
        ],
        [
            0.0,
            0.0,
            0.0,
            0.0
        ]
    ],
    "res_x": 848,
    "res_y": 480,
    "trans": true,
    "mode": "RGBA",
    "far_plane": 1.5
}