{
    "pose": [
        [
            0.9356582256594416,
            -0.06784600271709529,
            0.3463244211301556,
            47.04354422303021
        ],
        [
            -0.06784600271709529,
            0.9284589190791633,
            0.3651861929176177,
            49.605663845760205
        ],
        [
            -0.3463244211301556,
            -0.3651861929176177,
            0.8641171447386049,
            117.3787657819015
        ],
        [
            0.0,
            0.0,
            0.0,
            0.0
        ]
    ],
    "res_x": 848,
    "res_y": 480,
    "trans": true,
    "mode": "RGBA",
    "far_plane": 1.5
}