{
    "pose": [
        [
            -0.2535020931413753,
            0.5387705752226771,
            0.8034070923555303,
            22.945758263877877
        ],
        [
            -0.5387705752226771,
            0.6111526501831871,
            -0.5798436905307263,
            48.76685326560827
        ],
        [
            -0.8034070923555303,
            -0.5798436905307263,
            0.13534525667543762,
            72.72044463315012
        ],
        [
            0.0,
            0.0,
            0.0,
            0.0
        ]
    ],
    "res_x": 848,
    "res_y": 480,
    "trans": true,
    "mode": "RGBA",
    "far_plane": 1.5
}