{
    "pose": [
        [
            0.9396982820439911,
            -0.0697900300455089,
            0.33480813973053086,
            36.63112925485913
        ],
        [
            -0.0697900300455089,
            0.919228697641645,
            0.38748929422410117,
            42.39493828621167
        ],
        [
            -0.33480813973053086,
            -0.38748929422410117,
            0.8589269796856361,
            93.97461256071479
        ],
        [
            0.0,
            0.0,
            0.0,
            0.0
        ]
    ],
    "res_x": 848,
    "res_y": 480,
    "trans": true,
    "mode": "RGBA",
    "far_plane": 1.5
}