{
    "pose": [
        [
            0.9334006085801865,
            -0.07023078746998547,
            0.351896206847251,
            47.04280827575844
        ],
        [
            -0.07023078746998547,
            0.9259398111078403,
            0.371083686918359,
            49.60786276829487
        ],
        [
            -0.351896206847251,
            -0.371083686918359,
            0.8593404196880268,
            117.37985894812847
        ],
        [
            0.0,
            0.0,
            0.0,
            0.0
        ]
    ],
    "res_x": 848,
    "res_y": 480,
    "trans": true,
    "mode": "RGBA",
    "far_plane": 1.5
}