{
    "pose": [
        [
            0.9732928884064682,
            -0.031145960190064114,
            0.2274442405101374,
            23.61696204188529
        ],
        [
            -0.031145960190064114,
            0.9636774335268813,
            0.2652465518623799,
            27.54221312891666
        ],
        [
            -0.2274442405101374,
            -0.2652465518623799,
            0.9369703219333495,
            99.79150528428823
        ],
        [
            0.0,
            0.0,
            0.0,
            0.0
        ]
    ],
    "res_x": 848,
    "res_y": 480,
    "trans": true,
    "mode": "RGBA",
    "far_plane": 1.5
}