{
    "pose": [
        [
            0.9742438874138588,
            -0.0299778276619437,
            0.22349536390136415,
            23.655665269165343
        ],
        [
            -0.0299778276619437,
            0.9651084709183655,
            0.2601287550623445,
            27.533093524728645
        ],
        [
            -0.22349536390136415,
            -0.2601287550623445,
            0.9393523583322243,
            99.42490336540054
        ],
        [
            0.0,
            0.0,
            0.0,
            0.0
        ]
    ],
    "res_x": 848,
    "res_y": 480,
    "trans": true,
    "mode": "RGBA",
    "far_plane": 1.5
}