{
    "pose": [
        [
            0.9703892761689376,
            -0.03550767325640731,
            0.23892228409305333,
            25.756460140808304
        ],
        [
            -0.03550767325640731,
            0.9574210050629977,
            0.2865034453616145,
            30.8858363658814
        ],
        [
            -0.23892228409305333,
            -0.2865034453616145,
            0.9278102812319352,
            100.02042554337565
        ],
        [
            0.0,
            0.0,
            0.0,
            0.0
        ]
    ],
    "res_x": 848,
    "res_y": 480,
    "trans": true,
    "mode": "RGBA",
    "far_plane": 1.5
}