{
    "pose": [
        [
            0.9710557470429159,
            -0.03485527578070717,
            0.23629609790509742,
            24.995943558839013
        ],
        [
            -0.03485527578070717,
            0.9580265467016723,
            0.2845527114000485,
            30.100638887938164
        ],
        [
            -0.23629609790509742,
            -0.2845527114000485,
            0.9290822937445882,
            98.28045736617914
        ],
        [
            0.0,
            0.0,
            0.0,
            0.0
        ]
    ],
    "res_x": 848,
    "res_y": 480,
    "trans": true,
    "mode": "RGBA",
    "far_plane": 1.5
}