{
    "pose": [
        [
            0.9741786757010784,
            -0.030183377266992748,
            0.22375180791683316,
            22.771857389328353
        ],
        [
            -0.030183377266992748,
            0.9647176785863123,
            0.261550691759351,
            26.618757221563623
        ],
        [
            -0.22375180791683316,
            -0.261550691759351,
            0.9388963542873907,
            98.0541502982613
        ],
        [
            0.0,
            0.0,
            0.0,
            0.0
        ]
    ],
    "res_x": 848,
    "res_y": 480,
    "trans": true,
    "mode": "RGBA",
    "far_plane": 1.5
}