{
    "pose": [
        [
            0.9751040972105385,
            -0.029041810398403478,
            0.21983760563653315,
            22.811899855620347
        ],
        [
            -0.029041810398403478,
            0.9661218651779987,
            0.2564470995620114,
            26.6107590488637
        ],
        [
            -0.21983760563653315,
            -0.2564470995620114,
            0.9412259623885372,
            97.66824167024618
        ],
        [
            0.0,
            0.0,
            0.0,
            0.0
        ]
    ],
    "res_x": 848,
    "res_y": 480,
    "trans": true,
    "mode": "RGBA",
    "far_plane": 1.5
}