{
    "pose": [
        [
            0.9759391707786202,
            -0.028135515928075075,
            0.21622009084125385,
            21.96813444483679
        ],
        [
            -0.028135515928075075,
            0.9670997516646032,
            0.2528368309280197,
            25.68842457156834
        ],
        [
            -0.21622009084125385,
            -0.2528368309280197,
            0.9430389224432234,
            95.81350999503913
        ],
        [
            0.0,
            0.0,
            0.0,
            0.0
        ]
    ],
    "res_x": 848,
    "res_y": 480,
    "trans": true,
    "mode": "RGBA",
    "far_plane": 1.5
}