{
    "pose": [
        [
            0.9750379415161894,
            -0.029252284722054538,
            0.22010296781827351,
            21.92675273860703
        ],
        [
            -0.029252284722054538,
            0.9657201283293557,
            0.2579320406193704,
            25.695301313223528
        ],
        [
            -0.22010296781827351,
            -0.2579320406193704,
            0.9407580698455451,
            96.21872532579226
        ],
        [
            0.0,
            0.0,
            0.0,
            0.0
        ]
    ],
    "res_x": 848,
    "res_y": 480,
    "trans": true,
    "mode": "RGBA",
    "far_plane": 1.5
}