{
    "pose": [
        [
            0.971688605826622,
            -0.034245776561555676,
            0.23377014371902094,
            24.23542697688626
        ],
        [
            -0.034245776561555676,
            0.9585759286483042,
            0.28277095997244334,
            29.315441409974078
        ],
        [
            -0.23377014371902094,
            -0.28277095997244334,
            0.9302645344749262,
            96.44241918913504
        ],
        [
            0.0,
            0.0,
            0.0,
            0.0
        ]
    ],
    "res_x": 848,
    "res_y": 480,
    "trans": true,
    "mode": "RGBA",
    "far_plane": 1.5
}