{
    "pose": [
        [
            0.9758728011327825,
            -0.02835049887113326,
            0.21649139757277788,
            21.081648089792157
        ],
        [
            -0.02835049887113326,
            0.9666869415440424,
            0.25438672579752053,
            24.77184540404169
        ],
        [
            -0.21649139757277788,
            -0.25438672579752053,
            0.942559742676825,
            94.2852303671232
        ],
        [
            0.0,
            0.0,
            0.0,
            0.0
        ]
    ],
    "res_x": 848,
    "res_y": 480,
    "trans": true,
    "mode": "RGBA",
    "far_plane": 1.5
}