{
    "pose": [
        [
            0.9767511504885019,
            -0.02725681891635319,
            0.21263644053160072,
            21.124369036925568
        ],
        [
            -0.02725681891635319,
            0.9680442605527022,
            0.24929375329825892,
            24.76609009305757
        ],
        [
            -0.21263644053160072,
            -0.24929375329825892,
            0.9447954110412041,
            93.86070834016859
        ],
        [
            0.0,
            0.0,
            0.0,
            0.0
        ]
    ],
    "res_x": 848,
    "res_y": 480,
    "trans": true,
    "mode": "RGBA",
    "far_plane": 1.5
}