{
    "pose": [
        [
            0.972288748270065,
            -0.033678883463848994,
            0.23134459750782743,
            23.4749103949503
        ],
        [
            -0.033678883463848994,
            0.9590683523636635,
            0.2811647707360869,
            28.530243931990093
        ],
        [
            -0.23134459750782743,
            -0.2811647707360869,
            0.9313571006337285,
            94.50631101224545
        ],
        [
            0.0,
            0.0,
            0.0,
            0.0
        ]
    ],
    "res_x": 848,
    "res_y": 480,
    "trans": true,
    "mode": "RGBA",
    "far_plane": 1.5
}