{
    "pose": [
        [
            0.9766853530120015,
            -0.027475877185030816,
            0.2129103036133647,
            20.236543442973748
        ],
        [
            -0.027475877185030816,
            0.9676201905405,
            0.25091082685145244,
            23.848389494162344
        ],
        [
            -0.2129103036133647,
            -0.25091082685145244,
            0.9443055435525015,
            92.25366542261416
        ],
        [
            0.0,
            0.0,
            0.0,
            0.0
        ]
    ],
    "res_x": 848,
    "res_y": 480,
    "trans": true,
    "mode": "RGBA",
    "far_plane": 1.5
}