{
    "pose": [
        [
            0.9775420652086719,
            -0.026403627745271295,
            0.2090797914420563,
            20.280603632025077
        ],
        [
            -0.026403627745271295,
            0.9689574502469364,
            0.2458135636063334,
            23.843755613546364
        ],
        [
            -0.2090797914420563,
            -0.2458135636063334,
            0.9464995154556083,
            91.80983670618777
        ],
        [
            0.0,
            0.0,
            0.0,
            0.0
        ]
    ],
    "res_x": 848,
    "res_y": 480,
    "trans": true,
    "mode": "RGBA",
    "far_plane": 1.5
}