{
    "pose": [
        [
            0.9728569045017017,
            -0.033154591388357406,
            0.2290201223325974,
            22.714393813031506
        ],
        [
            -0.033154591388357406,
            0.9595025213613584,
            0.27974217517397515,
            27.745046453987072
        ],
        [
            -0.2290201223325974,
            -0.27974217517397515,
            0.9323594258630601,
            92.47213283551352
        ],
        [
            0.0,
            0.0,
            0.0,
            0.0
        ]
    ],
    "res_x": 848,
    "res_y": 480,
    "trans": true,
    "mode": "RGBA",
    "far_plane": 1.5
}