{
    "pose": [
        [
            0.9733936293323056,
            -0.0326732142777258,
            0.2267979352728855,
            21.953877231130388
        ],
        [
            -0.0326732142777258,
            0.9598765669857259,
            0.2785129031489547,
            26.9598489759658
        ],
        [
            -0.2267979352728855,
            -0.2785129031489547,
            0.9332701963180314,
            90.33988465894355
        ],
        [
            0.0,
            0.0,
            0.0,
            0.0
        ]
    ],
    "res_x": 848,
    "res_y": 480,
    "trans": true,
    "mode": "RGBA",
    "far_plane": 1.5
}