{
    "pose": [
        [
            0.9774776990810866,
            -0.026626299270023034,
            0.20935230590162565,
            19.39143879826447
        ],
        [
            -0.026626299270023034,
            0.9685218745913535,
            0.24750034065680324,
            22.924933583732454
        ],
        [
            -0.20935230590162565,
            -0.24750034065680324,
            0.9459995736724401,
            90.12403049275875
        ],
        [
            0.0,
            0.0,
            0.0,
            0.0
        ]
    ],
    "res_x": 848,
    "res_y": 480,
    "trans": true,
    "mode": "RGBA",
    "far_plane": 1.5
}