{
    "pose": [
        [
            0.9783139497383331,
            -0.025573865711839675,
            0.20554267960677897,
            19.436838230306176
        ],
        [
            -0.025573865711839675,
            0.9698413219763081,
            0.24239180592544735,
            22.921421133255024
        ],
        [
            -0.20554267960677897,
            -0.24239180592544735,
            0.9481552717146412,
            89.66089509383661
        ],
        [
            0.0,
            0.0,
            0.0,
            0.0
        ]
    ],
    "res_x": 848,
    "res_y": 480,
    "trans": true,
    "mode": "RGBA",
    "far_plane": 1.5
}