{
    "pose": [
        [
            0.9738992883578901,
            -0.03223542704655315,
            0.22467989090953713,
            21.193360649247595
        ],
        [
            -0.03223542704655315,
            0.9601879530672577,
            0.2774886881075263,
            26.17465149792698
        ],
        [
            -0.22467989090953713,
            -0.2774886881075263,
            0.9340872414251478,
            88.1095664825412
        ],
        [
            0.0,
            0.0,
            0.0,
            0.0
        ]
    ],
    "res_x": 848,
    "res_y": 480,
    "trans": true,
    "mode": "RGBA",
    "far_plane": 1.5
}