{
    "pose": [
        [
            0.9782519677492747,
            -0.025799645470326853,
            0.20580929495112085,
            18.546334155804704
        ],
        [
            -0.025799645470326853,
            0.9693939341858223,
            0.24415113896383725,
            22.00147767290612
        ],
        [
            -0.20580929495112085,
            -0.24415113896383725,
            0.947645901935097,
            87.89632557820745
        ],
        [
            0.0,
            0.0,
            0.0,
            0.0
        ]
    ],
    "res_x": 848,
    "res_y": 480,
    "trans": true,
    "mode": "RGBA",
    "far_plane": 1.5
}