{
    "pose": [
        [
            0.9790688668096007,
            -0.024765449850594527,
            0.20201689666426922,
            18.593072831979566
        ],
        [
            -0.024765449850594527,
            0.9706978355771185,
            0.23902381575816903,
            21.99908665241538
        ],
        [
            -0.20201689666426922,
            -0.23902381575816903,
            0.9497667023867192,
            87.4138835040757
        ],
        [
            0.0,
            0.0,
            0.0,
            0.0
        ]
    ],
    "res_x": 848,
    "res_y": 480,
    "trans": true,
    "mode": "RGBA",
    "far_plane": 1.5
}