{
    "pose": [
        [
            0.9790103405628301,
            -0.024993772212057255,
            0.20227225321744738,
            17.701229515769423
        ],
        [
            -0.024993772212057255,
            0.9702382665493864,
            0.24085891611865565,
            21.078021761849946
        ],
        [
            -0.20227225321744738,
            -0.24085891611865565,
            0.9492486071122165,
            85.57055067980237
        ],
        [
            0.0,
            0.0,
            0.0,
            0.0
        ]
    ],
    "res_x": 848,
    "res_y": 480,
    "trans": true,
    "mode": "RGBA",
    "far_plane": 1.5
}