{
    "pose": [
        [
            0.9743740387973079,
            -0.031842320213725225,
            0.22266858593261185,
            20.432844067383964
        ],
        [
            -0.031842320213725225,
            0.9604333531697186,
            0.27668364744338847,
            25.38945401987124
        ],
        [
            -0.22266858593261185,
            -0.27668364744338847,
            0.9348073919670264,
            85.78117830631379
        ],
        [
            0.0,
            0.0,
            0.0,
            0.0
        ]
    ],
    "res_x": 848,
    "res_y": 480,
    "trans": true,
    "mode": "RGBA",
    "far_plane": 1.5
}