{
    "pose": [
        [
            0.9798089324960515,
            -0.02397626653081815,
            0.198493310829839,
            17.74930743730579
        ],
        [
            -0.02397626653081815,
            0.9715289270047552,
            0.2357046512825576,
            21.0767521712785
        ],
        [
            -0.198493310829839,
            -0.2357046512825576,
            0.9513378595008067,
            85.068801938135
        ],
        [
            0.0,
            0.0,
            0.0,
            0.0
        ]
    ],
    "res_x": 848,
    "res_y": 480,
    "trans": true,
    "mode": "RGBA",
    "far_plane": 1.5
}