{
    "pose": [
        [
            0.9805363461135935,
            -0.0232041427078239,
            0.19496164164111363,
            16.90554204661006
        ],
        [
            -0.0232041427078239,
            0.9723365282825389,
            0.2324290075026231,
            20.154417690124838
        ],
        [
            -0.19496164164111363,
            -0.2324290075026231,
            0.9528728743961324,
            82.6256503975855
        ],
        [
            0.0,
            0.0,
            0.0,
            0.0
        ]
    ],
    "res_x": 848,
    "res_y": 480,
    "trans": true,
    "mode": "RGBA",
    "far_plane": 1.5
}