{
    "pose": [
        [
            0.9748178036135157,
            -0.031495471018080284,
            0.22076749095704826,
            19.672327485540563
        ],
        [
            -0.031495471018080284,
            0.960608491831827,
            0.27611476006532537,
            24.60425654179915
        ],
        [
            -0.22076749095704826,
            -0.27611476006532537,
            0.9354262954453426,
            83.3547201302706
        ],
        [
            0.0,
            0.0,
            0.0,
            0.0
        ]
    ],
    "res_x": 848,
    "res_y": 480,
    "trans": true,
    "mode": "RGBA",
    "far_plane": 1.5
}