{
    "pose": [
        [
            0.9797550836874114,
            -0.024206482919948563,
            0.1987310297193668,
            16.8561248783787
        ],
        [
            -0.024206482919948563,
            0.9710567430209922,
            0.23761912384761671,
            20.154565850750142
        ],
        [
            -0.1987310297193668,
            -0.23761912384761671,
            0.9508118267084036,
            83.14670579862823
        ],
        [
            0.0,
            0.0,
            0.0,
            0.0
        ]
    ],
    "res_x": 848,
    "res_y": 480,
    "trans": true,
    "mode": "RGBA",
    "far_plane": 1.5
}