{
    "pose": [
        [
            0.9804885857905489,
            -0.023435492930940733,
            0.19517405259289314,
            16.011020243912892
        ],
        [
            -0.023435492930940733,
            0.9718512290795337,
            0.23442688883249635,
            19.231109939822446
        ],
        [
            -0.19517405259289314,
            -0.23442688883249635,
            0.9523398148700826,
            80.62479093608967
        ],
        [
            0.0,
            0.0,
            0.0,
            0.0
        ]
    ],
    "res_x": 848,
    "res_y": 480,
    "trans": true,
    "mode": "RGBA",
    "far_plane": 1.5
}