{
    "pose": [
        [
            0.9812534260400695,
            -0.02244681132799784,
            0.19141017356930407,
            16.06177666030372
        ],
        [
            -0.02244681132799784,
            0.9731225908333065,
            0.2291911077487045,
            19.232083209278507
        ],
        [
            -0.19141017356930407,
            -0.2291911077487045,
            0.954376016873376,
            80.08442888444614
        ],
        [
            0.0,
            0.0,
            0.0,
            0.0
        ]
    ],
    "res_x": 848,
    "res_y": 480,
    "trans": true,
    "mode": "RGBA",
    "far_plane": 1.5
}