{
    "pose": [
        [
            0.9752302369243682,
            -0.031197036217012614,
            0.2189811177241434,
            18.911810903718745
        ],
        [
            -0.031197036217012614,
            0.9607079379098675,
            0.2758024709248351,
            23.81905906371121
        ],
        [
            -0.2189811177241434,
            -0.2758024709248351,
            0.9359381748342357,
            80.8301919544235
        ],
        [
            0.0,
            0.0,
            0.0,
            0.0
        ]
    ],
    "res_x": 848,
    "res_y": 480,
    "trans": true,
    "mode": "RGBA",
    "far_plane": 1.5
}