{
    "pose": [
        [
            -0.18595078470243492,
            0.5831775104130633,
            0.7907757564676412,
            15.24478200564182
        ],
        [
            -0.5831775104130633,
            0.5822168951698321,
            -0.5665046145683389,
            47.81057542223782
        ],
        [
            -0.7907757564676412,
            -0.5665046145683389,
            0.23183232012773292,
            64.83007878663634
        ],
        [
            0.0,
            0.0,
            0.0,
            0.0
        ]
    ],
    "res_x": 848,
    "res_y": 480,
    "trans": true,
    "mode": "RGBA",
    "far_plane": 1.5
}