{
    "pose": [
        [
            0.937223723720574,
            -0.06720646985491602,
            0.3421914407243134,
            46.15872409059899
        ],
        [
            -0.06720646985491602,
            0.9280506927448956,
            0.36634028184921125,
            49.41619801289359
        ],
        [
            -0.3421914407243134,
            -0.36634028184921125,
            0.8652744164654697,
            116.71818256980103
        ],
        [
            0.0,
            0.0,
            0.0,
            0.0
        ]
    ],
    "res_x": 848,
    "res_y": 480,
    "trans": true,
    "mode": "RGBA",
    "far_plane": 1.5
}