{
    "pose": [
        [
            0.9373548499361787,
            -0.06702950617071275,
            0.34186683168104254,
            46.079155066170074
        ],
        [
            -0.06702950617071275,
            0.9282792890924149,
            0.36579312014387494,
            49.304104239552856
        ],
        [
            -0.34186683168104254,
            -0.36579312014387494,
            0.8656341390285935,
            116.67610316780863
        ],
        [
            0.0,
            0.0,
            0.0,
            0.0
        ]
    ],
    "res_x": 848,
    "res_y": 480,
    "trans": true,
    "mode": "RGBA",
    "far_plane": 1.5
}