{
    "pose": [
        [
            0.9351401196962051,
            -0.06940670035374237,
            0.34741281853232325,
            46.07780874840215
        ],
        [
            -0.06940670035374237,
            0.9257277375254063,
            0.3717672200747374,
            49.30796433446824
        ],
        [
            -0.34741281853232325,
            -0.3717672200747374,
            0.8608678572216114,
            116.67801061653564
        ],
        [
            0.0,
            0.0,
            0.0,
            0.0
        ]
    ],
    "res_x": 848,
    "res_y": 480,
    "trans": true,
    "mode": "RGBA",
    "far_plane": 1.5
}