{
    "pose": [
        [
            0.9485719408358053,
            -0.060116856345753214,
            0.31080095984745226,
            32.60883579526542
        ],
        [
            -0.060116856345753214,
            0.9297263696971848,
            0.36331094268243247,
            38.11811546003384
        ],
        [
            -0.31080095984745226,
            -0.36331094268243247,
            0.87829831053299,
            92.14992579651806
        ],
        [
            0.0,
            0.0,
            0.0,
            0.0
        ]
    ],
    "res_x": 848,
    "res_y": 480,
    "trans": true,
    "mode": "RGBA",
    "far_plane": 1.5
}