{
    "pose": [
        [
            0.9812134044319587,
            -0.022678386246574103,
            0.19158795828625697,
            15.165915612736537
        ],
        [
            -0.022678386246574103,
            0.9726236080993984,
            0.23127690711560242,
            18.307654029327036
        ],
        [
            -0.19158795828625697,
            -0.23127690711560242,
            0.9538370125313571,
            78.0048060940318
        ],
        [
            0.0,
            0.0,
            0.0,
            0.0
        ]
    ],
    "res_x": 848,
    "res_y": 480,
    "trans": true,
    "mode": "RGBA",
    "far_plane": 1.5
}