{
    "pose": [
        [
            0.9756106779347847,
            -0.030949873802583443,
            0.21731523280992973,
            18.151294321920247
        ],
        [
            -0.030949873802583443,
            0.9607248333580368,
            0.27577146313709944,
            23.033861585607873
        ],
        [
            -0.21731523280992973,
            -0.27577146313709944,
            0.9363355112928216,
            78.2075937787878
        ],
        [
            0.0,
            0.0,
            0.0,
            0.0
        ]
    ],
    "res_x": 848,
    "res_y": 480,
    "trans": true,
    "mode": "RGBA",
    "far_plane": 1.5
}