{
    "pose": [
        [
            0.9819626533489154,
            -0.02170186884925418,
            0.18782538783776662,
            15.21801127891778
        ],
        [
            -0.02170186884925418,
            0.9738891134787881,
            0.2259845648179315,
            18.30974872912846
        ],
        [
            -0.18782538783776662,
            -0.2259845648179315,
            0.9558517668277036,
            77.44513740134889
        ],
        [
            0.0,
            0.0,
            0.0,
            0.0
        ]
    ],
    "res_x": 848,
    "res_y": 480,
    "trans": true,
    "mode": "RGBA",
    "far_plane": 1.5
}