{
    "pose": [
        [
            0.9826667258036214,
            -0.020966722066295886,
            0.18419148341925343,
            14.374245903156806
        ],
        [
            -0.020966722066295886,
            0.9746381768830991,
            0.22280220090426328,
            17.387414250162117
        ],
        [
            -0.18419148341925343,
            -0.22280220090426328,
            0.9573049026867204,
            74.70777595180677
        ],
        [
            0.0,
            0.0,
            0.0,
            0.0
        ]
    ],
    "res_x": 848,
    "res_y": 480,
    "trans": true,
    "mode": "RGBA",
    "far_plane": 1.5
}