{
    "pose": [
        [
            0.9819323238210164,
            -0.021932561122249075,
            0.187957107335896,
            14.320810985337504
        ],
        [
            -0.021932561122249075,
            0.9733758103357678,
            0.22816330690057557,
            17.38419811959232
        ],
        [
            -0.187957107335896,
            -0.22816330690057557,
            0.9553081341567842,
            75.28675127493833
        ],
        [
            0.0,
            0.0,
            0.0,
            0.0
        ]
    ],
    "res_x": 848,
    "res_y": 480,
    "trans": true,
    "mode": "RGBA",
    "far_plane": 1.5
}