{
    "pose": [
        [
            0.9759580895022734,
            -0.030757703833532775,
            0.21577713314890737,
            17.39077774014734
        ],
        [
            -0.030757703833532775,
            0.9606505337751435,
            0.2760516538845954,
            22.248664107489507
        ],
        [
            -0.21577713314890737,
            -0.2760516538845954,
            0.9366086232774169,
            75.4869256033835
        ],
        [
            0.0,
            0.0,
            0.0,
            0.0
        ]
    ],
    "res_x": 848,
    "res_y": 480,
    "trans": true,
    "mode": "RGBA",
    "far_plane": 1.5
}