{
    "pose": [
        [
            0.9833686256727248,
            -0.020238520305737372,
            0.18048974579839933,
            13.530480533992458
        ],
        [
            -0.020238520305737372,
            0.9753719869383248,
            0.2196358108137618,
            16.465079773022815
        ],
        [
            -0.18048974579839933,
            -0.2196358108137618,
            0.9587406126110496,
            71.87234454067725
        ],
        [
            0.0,
            0.0,
            0.0,
            0.0
        ]
    ],
    "res_x": 848,
    "res_y": 480,
    "trans": true,
    "mode": "RGBA",
    "far_plane": 1.5
}