{
    "pose": [
        [
            0.9762709758011525,
            -0.030625322969255204,
            0.21437600472369644,
            16.63026115840307
        ],
        [
            -0.030625322969255204,
            0.9604741265754727,
            0.27667949286514093,
            21.463466629356418
        ],
        [
            -0.21437600472369644,
            -0.27667949286514093,
            0.9367451023766252,
            72.66818742823749
        ],
        [
            0.0,
            0.0,
            0.0,
            0.0
        ]
    ],
    "res_x": 848,
    "res_y": 480,
    "trans": true,
    "mode": "RGBA",
    "far_plane": 1.5
}