{
    "pose": [
        [
            0.9826484278678616,
            -0.021195160249314365,
            0.18426294361815135,
            13.475706362395597
        ],
        [
            -0.021195160249314365,
            0.9741098492647795,
            0.22507946762722353,
            16.460742211056292
        ],
        [
            -0.18426294361815135,
            -0.22507946762722353,
            0.956758277132641,
            72.47062648227941
        ],
        [
            0.0,
            0.0,
            0.0,
            0.0
        ]
    ],
    "res_x": 848,
    "res_y": 480,
    "trans": true,
    "mode": "RGBA",
    "far_plane": 1.5
}