{
    "pose": [
        [
            0.9833651939862733,
            -0.02046297942665896,
            0.18048313419630954,
            12.63060174491542
        ],
        [
            -0.02046297942665896,
            0.9748278683460246,
            0.22201777759659197,
            15.537286304345983
        ],
        [
            -0.18048313419630954,
            -0.22201777759659197,
            0.9581930623322981,
            69.5564317211843
        ],
        [
            0.0,
            0.0,
            0.0,
            0.0
        ]
    ],
    "res_x": 848,
    "res_y": 480,
    "trans": true,
    "mode": "RGBA",
    "far_plane": 1.5
}