{
    "pose": [
        [
            0.9840717061157608,
            -0.019514067393446542,
            0.1766977034264444,
            12.68671517284022
        ],
        [
            -0.019514067393446542,
            0.9760929306676863,
            0.21647584593744232,
            15.542745298618028
        ],
        [
            -0.1766977034264444,
            -0.21647584593744232,
            0.9601646367834471,
            68.93884317503887
        ],
        [
            0.0,
            0.0,
            0.0,
            0.0
        ]
    ],
    "res_x": 848,
    "res_y": 480,
    "trans": true,
    "mode": "RGBA",
    "far_plane": 1.5
}