{
    "pose": [
        [
            0.9765472710871421,
            -0.03055889390322565,
            0.21312339462308477,
            15.869744576691689
        ],
        [
            -0.03055889390322565,
            0.9601817767109982,
            0.27769967532484097,
            20.678269151208823
        ],
        [
            -0.21312339462308477,
            -0.27769967532484097,
            0.9367290477981404,
            69.7513792533873
        ],
        [
            0.0,
            0.0,
            0.0,
            0.0
        ]
    ],
    "res_x": 848,
    "res_y": 480,
    "trans": true,
    "mode": "RGBA",
    "far_plane": 1.5
}