{
    "pose": [
        [
            0.9767841878077416,
            -0.03056634104937911,
            0.21203383985492436,
            15.109227995019449
        ],
        [
            -0.03056634104937911,
            0.9597558251501315,
            0.27916743163421354,
            19.893071673046798
        ],
        [
            -0.21203383985492436,
            -0.27916743163421354,
            0.936540012957873,
            66.73650107888822
        ],
        [
            0.0,
            0.0,
            0.0,
            0.0
        ]
    ],
    "res_x": 848,
    "res_y": 480,
    "trans": true,
    "mode": "RGBA",
    "far_plane": 1.5
}