{
    "pose": [
        [
            0.984779802729782,
            -0.018789705295118794,
            0.1727879831192383,
            11.842949821940921
        ],
        [
            -0.018789705295118794,
            0.9768036498601599,
            0.2133109856401981,
            14.620410828352071
        ],
        [
            -0.1727879831192383,
            -0.2133109856401981,
            0.9615834525899419,
            65.90727186608062
        ],
        [
            0.0,
            0.0,
            0.0,
            0.0
        ]
    ],
    "res_x": 848,
    "res_y": 480,
    "trans": true,
    "mode": "RGBA",
    "far_plane": 1.5
}