{
    "pose": [
        [
            0.9840866153286707,
            -0.01973234578308876,
            0.17659039628716347,
            11.785497134521814
        ],
        [
            -0.01973234578308876,
            0.9755322027246102,
            0.21896930373266194,
            14.613830400453747
        ],
        [
            -0.17659039628716347,
            -0.21896930373266194,
            0.9596188180532809,
            66.544166999937
        ],
        [
            0.0,
            0.0,
            0.0,
            0.0
        ]
    ],
    "res_x": 848,
    "res_y": 480,
    "trans": true,
    "mode": "RGBA",
    "far_plane": 1.5
}