{
    "pose": [
        [
            0.9769780064577656,
            -0.030657899768575983,
            0.21112571629147922,
            14.348711413396437
        ],
        [
            -0.030657899768575983,
            0.9591735261112047,
            0.2811516316672878,
            19.107874194870202
        ],
        [
            -0.21112571629147922,
            -0.2811516316672878,
            0.9361515325689702,
            63.62355290482948
        ],
        [
            0.0,
            0.0,
            0.0,
            0.0
        ]
    ],
    "res_x": 848,
    "res_y": 480,
    "trans": true,
    "mode": "RGBA",
    "far_plane": 1.5
}