{
    "pose": [
        [
            0.9848173623906665,
            -0.01899895219817842,
            0.17255086945379872,
            10.94039253428825
        ],
        [
            -0.01899895219817842,
            0.9762254626688336,
            0.2159233332745515,
            13.690374501231068
        ],
        [
            -0.17255086945379872,
            -0.2159233332745515,
            0.9610428250595001,
            63.433832334165466
        ],
        [
            0.0,
            0.0,
            0.0,
            0.0
        ]
    ],
    "res_x": 848,
    "res_y": 480,
    "trans": true,
    "mode": "RGBA",
    "far_plane": 1.5
}