{
    "pose": [
        [
            0.985497379483309,
            -0.01806115749678487,
            0.16872673060723722,
            10.999184485373881
        ],
        [
            -0.01806115749678487,
            0.9775071401924749,
            0.21012754570166564,
            13.698076364743573
        ],
        [
            -0.16872673060723722,
            -0.21012754570166564,
            0.9630045196757838,
            62.77763063411408
        ],
        [
            0.0,
            0.0,
            0.0,
            0.0
        ]
    ],
    "res_x": 848,
    "res_y": 480,
    "trans": true,
    "mode": "RGBA",
    "far_plane": 1.5
}