{
    "pose": [
        [
            0.9855629997369019,
            -0.018257627540951588,
            0.16832181256799583,
            10.09528795246634
        ],
        [
            -0.018257627540951588,
            0.9769106492104074,
            0.21286672472670826,
            12.766918611611368
        ],
        [
            -0.16832181256799583,
            -0.21286672472670826,
            0.9624736489473092,
            60.22542776569138
        ],
        [
            0.0,
            0.0,
            0.0,
            0.0
        ]
    ],
    "res_x": 848,
    "res_y": 480,
    "trans": true,
    "mode": "RGBA",
    "far_plane": 1.5
}