{
    "pose": [
        [
            0.986229722056666,
            -0.01732331419196838,
            0.16447138996627247,
            10.155419173078306
        ],
        [
            -0.01732331419196838,
            0.9782068876293869,
            0.206908645976514,
            12.775741913876061
        ],
        [
            -0.16447138996627247,
            -0.206908645976514,
            0.9644366096860529,
            59.54991952845326
        ],
        [
            0.0,
            0.0,
            0.0,
            0.0
        ]
    ],
    "res_x": 848,
    "res_y": 480,
    "trans": true,
    "mode": "RGBA",
    "far_plane": 1.5
}