{
    "pose": [
        [
            0.9771237802731214,
            -0.030846892007544906,
            0.2104224020351434,
            13.58819483184158
        ],
        [
            -0.030846892007544906,
            0.9584052453645944,
            0.2837390613065223,
            18.32267671667842
        ],
        [
            -0.2104224020351434,
            -0.2837390613065223,
            0.9355290256377158,
            60.41253473137854
        ],
        [
            0.0,
            0.0,
            0.0,
            0.0
        ]
    ],
    "res_x": 848,
    "res_y": 480,
    "trans": true,
    "mode": "RGBA",
    "far_plane": 1.5
}