{
    "pose": [
        [
            0.9772149126674258,
            -0.031150843374881186,
            0.20995389831443723,
            12.827678250404764
        ],
        [
            -0.031150843374881186,
            0.9574118356975045,
            0.28704041844898454,
            17.53747923846922
        ],
        [
            -0.20995389831443723,
            -0.28704041844898454,
            0.9346267483649303,
            57.10344655897693
        ],
        [
            0.0,
            0.0,
            0.0,
            0.0
        ]
    ],
    "res_x": 848,
    "res_y": 480,
    "trans": true,
    "mode": "RGBA",
    "far_plane": 1.5
}