{
    "pose": [
        [
            0.9863281619342552,
            -0.017499931203809663,
            0.16386125040184346,
            9.2549237805301
        ],
        [
            -0.017499931203809663,
            0.9776001156051297,
            0.20974214258631704,
            11.846287871239157
        ],
        [
            -0.16386125040184346,
            -0.20974214258631704,
            0.9639282775393849,
            56.94290652394722
        ],
        [
            0.0,
            0.0,
            0.0,
            0.0
        ]
    ],
    "res_x": 848,
    "res_y": 480,
    "trans": true,
    "mode": "RGBA",
    "far_plane": 1.5
}