{
    "pose": [
        [
            0.9869831970064281,
            -0.016569931724555943,
            0.15996751604502063,
            9.31165397727905
        ],
        [
            -0.016569931724555943,
            0.9789070605515016,
            0.2036330134459105,
            11.853407531972197
        ],
        [
            -0.15996751604502063,
            -0.2036330134459105,
            0.9658902575579297,
            56.2241390050286
        ],
        [
            0.0,
            0.0,
            0.0,
            0.0
        ]
    ],
    "res_x": 848,
    "res_y": 480,
    "trans": true,
    "mode": "RGBA",
    "far_plane": 1.5
}