{
    "pose": [
        [
            0.9871084963686382,
            -0.016713764977323454,
            0.15917746843422587,
            8.439249273251528
        ],
        [
            -0.016713764977323454,
            0.9783306937883013,
            0.20637272991358083,
            10.941441198141586
        ],
        [
            -0.15917746843422587,
            -0.20637272991358083,
            0.9654391901569395,
            53.685523077138136
        ],
        [
            0.0,
            0.0,
            0.0,
            0.0
        ]
    ],
    "res_x": 848,
    "res_y": 480,
    "trans": true,
    "mode": "RGBA",
    "far_plane": 1.5
}