{
    "pose": [
        [
            0.9772587403440649,
            -0.03155654485995958,
            0.2096891482591146,
            12.072363647431988
        ],
        [
            -0.03155654485995958,
            0.9562110657648312,
            0.2909717893291154,
            16.75202212936817
        ],
        [
            -0.2096891482591146,
            -0.2909717893291154,
            0.9334698061088961,
            53.74234693022357
        ],
        [
            0.0,
            0.0,
            0.0,
            0.0
        ]
    ],
    "res_x": 848,
    "res_y": 480,
    "trans": true,
    "mode": "RGBA",
    "far_plane": 1.5
}