{
    "pose": [
        [
            0.9877525943613059,
            -0.015791277111402397,
            0.15522708494235254,
            8.48820368041777
        ],
        [
            -0.015791277111402397,
            0.9796394077108651,
            0.20014311486308048,
            10.944324083789816
        ],
        [
            -0.15522708494235254,
            -0.20014311486308048,
            0.967392002072171,
            52.89940447857559
        ],
        [
            0.0,
            0.0,
            0.0,
            0.0
        ]
    ],
    "res_x": 848,
    "res_y": 480,
    "trans": true,
    "mode": "RGBA",
    "far_plane": 1.5
}