{
    "pose": [
        [
            0.9772844167662522,
            -0.03200088130770694,
            0.20950205808386801,
            11.333720439075261
        ],
        [
            -0.03200088130770694,
            0.9549183310006966,
            0.29513882278408277,
            15.966530060594865
        ],
        [
            -0.20950205808386801,
            -0.29513882278408277,
            0.9322027477669488,
            50.43065176714812
        ],
        [
            0.0,
            0.0,
            0.0,
            0.0
        ]
    ],
    "res_x": 848,
    "res_y": 480,
    "trans": true,
    "mode": "RGBA",
    "far_plane": 1.5
}