{
    "pose": [
        [
            0.9885257890268123,
            -0.014984402166916792,
            0.15030712598083393,
            7.7056621614815075
        ],
        [
            -0.014984402166916792,
            0.980431568774134,
            0.1962890894644699,
            10.062978714601277
        ],
        [
            -0.15030712598083393,
            -0.1962890894644699,
            0.9689573578009463,
            49.674677759775136
        ],
        [
            0.0,
            0.0,
            0.0,
            0.0
        ]
    ],
    "res_x": 848,
    "res_y": 480,
    "trans": true,
    "mode": "RGBA",
    "far_plane": 1.5
}