{
    "pose": [
        [
            0.9878954254842401,
            -0.01589526291512563,
            0.15430479229165603,
            7.663749479146876
        ],
        [
            -0.01589526291512563,
            0.9791269504919803,
            0.20262713401006816,
            10.063741829842414
        ],
        [
            -0.15430479229165603,
            -0.20262713401006816,
            0.9670223759762204,
            50.52843204119904
        ],
        [
            0.0,
            0.0,
            0.0,
            0.0
        ]
    ],
    "res_x": 848,
    "res_y": 480,
    "trans": true,
    "mode": "RGBA",
    "far_plane": 1.5
}