{
    "pose": [
        [
            0.938878435215787,
            -0.06631543439386393,
            0.33780104654649673,
            45.248425527265304
        ],
        [
            -0.06631543439386393,
            0.9280493414333733,
            0.3665060477348708,
            49.09345834113915
        ],
        [
            -0.33780104654649673,
            -0.3665060477348708,
            0.8669277766491602,
            116.12491240114552
        ],
        [
            0.0,
            0.0,
            0.0,
            0.0
        ]
    ],
    "res_x": 848,
    "res_y": 480,
    "trans": true,
    "mode": "RGBA",
    "far_plane": 1.5
}