{
    "pose": [
        [
            0.9390801859699304,
            -0.06604223978605984,
            0.3372933839889565,
            45.126460883450875
        ],
        [
            -0.06604223978605984,
            0.9284046167014467,
            0.36565460512822817,
            48.920906897221926
        ],
        [
            -0.3372933839889565,
            -0.36565460512822817,
            0.8674848026713771,
            116.06073784127265
        ],
        [
            0.0,
            0.0,
            0.0,
            0.0
        ]
    ],
    "res_x": 848,
    "res_y": 480,
    "trans": true,
    "mode": "RGBA",
    "far_plane": 1.5
}