{
    "pose": [
        [
            0.9554218750071151,
            -0.05277243097069676,
            0.29048943403733585,
            28.586542593911062
        ],
        [
            -0.05277243097069676,
            0.9375269939908542,
            0.3438869088347445,
            33.84129202313548
        ],
        [
            -0.29048943403733585,
            -0.3438869088347445,
            0.8929488689979692,
            87.87349172402025
        ],
        [
            0.0,
            0.0,
            0.0,
            0.0
        ]
    ],
    "res_x": 848,
    "res_y": 480,
    "trans": true,
    "mode": "RGBA",
    "far_plane": 1.5
}