{
    "pose": [
        [
            0.936911351689855,
            -0.06840504180859482,
            0.34280879412560766,
            45.124296666883666
        ],
        [
            -0.06840504180859482,
            0.9258305595353332,
            0.3716968190416166,
            48.92685899541216
        ],
        [
            -0.34280879412560766,
            -0.3716968190416166,
            0.8627419112251882,
            116.06366177355162
        ],
        [
            0.0,
            0.0,
            0.0,
            0.0
        ]
    ],
    "res_x": 848,
    "res_y": 480,
    "trans": true,
    "mode": "RGBA",
    "far_plane": 1.5
}