{
    "pose": [
        [
            -0.11020404406502932,
            0.6254220367179929,
            0.7724651090238512,
            8.208430402963735
        ],
        [
            -0.6254220367179929,
            0.5604017736836406,
            -0.5429522336630976,
            46.58389176580613
        ],
        [
            -0.7724651090238512,
            -0.5429522336630976,
            0.32939418225133,
            57.53623780265731
        ],
        [
            0.0,
            0.0,
            0.0,
            0.0
        ]
    ],
    "res_x": 848,
    "res_y": 480,
    "trans": true,
    "mode": "RGBA",
    "far_plane": 1.5
}