{
    "pose": [
        [
            0.9886852455573532,
            -0.015048798846028024,
            0.14924817878449353,
            6.928972467962708
        ],
        [
            -0.015048798846028024,
            0.9799848642004433,
            0.19850239190329783,
            9.215640817357807
        ],
        [
            -0.14924817878449353,
            -0.19850239190329783,
            0.9686701097577964,
            47.47132612078166
        ],
        [
            0.0,
            0.0,
            0.0,
            0.0
        ]
    ],
    "res_x": 848,
    "res_y": 480,
    "trans": true,
    "mode": "RGBA",
    "far_plane": 1.5
}