{
    "pose": [
        [
            0.9773103151398219,
            -0.03244301570698763,
            0.2093131592928123,
            10.618038989575656
        ],
        [
            -0.03244301570698763,
            0.9536111111877478,
            0.29928798731506934,
            15.18228251467683
        ],
        [
            -0.2093131592928123,
            -0.29928798731506934,
            0.9309214263275697,
            47.22378676225421
        ],
        [
            0.0,
            0.0,
            0.0,
            0.0
        ]
    ],
    "res_x": 848,
    "res_y": 480,
    "trans": true,
    "mode": "RGBA",
    "far_plane": 1.5
}