{
    "pose": [
        [
            0.9892989853796383,
            -0.014153896271801305,
            0.14521427184386948,
            6.96458332066705
        ],
        [
            -0.014153896271801305,
            0.9812790855091701,
            0.19207036096861443,
            9.211835829984814
        ],
        [
            -0.14521427184386948,
            -0.19207036096861443,
            0.9705780708888084,
            46.54963839356794
        ],
        [
            0.0,
            0.0,
            0.0,
            0.0
        ]
    ],
    "res_x": 848,
    "res_y": 480,
    "trans": true,
    "mode": "RGBA",
    "far_plane": 1.5
}