{
    "pose": [
        [
            0.977336431919253,
            -0.032882931029372744,
            0.20912248011694232,
            9.925364456005092
        ],
        [
            -0.032882931029372744,
            0.9522896328931961,
            0.30341912914491626,
            14.400868993151283
        ],
        [
            -0.20912248011694232,
            -0.30341912914491626,
            0.9296260648124491,
            44.121882525042984
        ],
        [
            0.0,
            0.0,
            0.0,
            0.0
        ]
    ],
    "res_x": 848,
    "res_y": 480,
    "trans": true,
    "mode": "RGBA",
    "far_plane": 1.5
}