{
    "pose": [
        [
            0.9900677744436808,
            -0.013305309023770162,
            0.13995988982533084,
            6.265512085072841
        ],
        [
            -0.013305309023770162,
            0.9821760745148013,
            0.18749167288836463,
            8.393342862720388
        ],
        [
            -0.13995988982533084,
            -0.18749167288836463,
            0.972243848958482,
            43.523938128912455
        ],
        [
            0.0,
            0.0,
            0.0,
            0.0
        ]
    ],
    "res_x": 848,
    "res_y": 480,
    "trans": true,
    "mode": "RGBA",
    "far_plane": 1.5
}