{
    "pose": [
        [
            0.9894735984734496,
            -0.014179757600600008,
            0.14401712536497452,
            6.235457681137281
        ],
        [
            -0.014179757600600008,
            0.980898930645517,
            0.19400057302201293,
            8.399573037786405
        ],
        [
            -0.14401712536497452,
            -0.19400057302201293,
            0.9703725291189667,
            44.51387039857572
        ],
        [
            0.0,
            0.0,
            0.0,
            0.0
        ]
    ],
    "res_x": 848,
    "res_y": 480,
    "trans": true,
    "mode": "RGBA",
    "far_plane": 1.5
}