{
    "pose": [
        [
            0.9902553940881925,
            -0.013294680166930375,
            0.13862721939971784,
            5.583735835110191
        ],
        [
            -0.013294680166930375,
            0.9818619118781594,
            0.18913074176934974,
            7.617956306931735
        ],
        [
            -0.13862721939971784,
            -0.18913074176934974,
            0.9721173059663519,
            41.65570304850351
        ],
        [
            0.0,
            0.0,
            0.0,
            0.0
        ]
    ],
    "res_x": 848,
    "res_y": 480,
    "trans": true,
    "mode": "RGBA",
    "far_plane": 1.5
}