{
    "pose": [
        [
            0.9908270694418608,
            -0.012445275262691992,
            0.13456163489230402,
            5.608984318845122
        ],
        [
            -0.012445275262691992,
            0.9831150061169117,
            0.18256505654527758,
            7.609929384040955
        ],
        [
            -0.13456163489230402,
            -0.18256505654527758,
            0.9739420755587725,
            40.597201673751826
        ],
        [
            0.0,
            0.0,
            0.0,
            0.0
        ]
    ],
    "res_x": 848,
    "res_y": 480,
    "trans": true,
    "mode": "RGBA",
    "far_plane": 1.5
}