{
    "pose": [
        [
            0.9773627635537965,
            -0.03332061059776892,
            0.20893004888688854,
            9.255740603155552
        ],
        [
            -0.03332061059776892,
            0.9509541240492565,
            0.307532097289215,
            13.623877153230302
        ],
        [
            -0.20893004888688854,
            -0.307532097289215,
            0.928316887603053,
            41.12505766862803
        ],
        [
            0.0,
            0.0,
            0.0,
            0.0
        ]
    ],
    "res_x": 848,
    "res_y": 480,
    "trans": true,
    "mode": "RGBA",
    "far_plane": 1.5
}