{
    "pose": [
        [
            0.9910247274193102,
            -0.012401423499266904,
            0.1331021950933709,
            4.974328837749643
        ],
        [
            -0.012401423499266904,
            0.9828645533129481,
            0.1839115943493801,
            6.87319053398691
        ],
        [
            -0.1331021950933709,
            -0.1839115943493801,
            0.9738892807322583,
            38.896436065711484
        ],
        [
            0.0,
            0.0,
            0.0,
            0.0
        ]
    ],
    "res_x": 848,
    "res_y": 480,
    "trans": true,
    "mode": "RGBA",
    "far_plane": 1.5
}