{
    "pose": [
        [
            0.977389306487814,
            -0.03375603804058545,
            0.20873589403615436,
            8.609209806261353
        ],
        [
            -0.03375603804058545,
            0.9496048140414918,
            0.3116267431479949,
            12.852892529055483
        ],
        [
            -0.20873589403615436,
            -0.3116267431479949,
            0.9269941205293057,
            38.23341888398558
        ],
        [
            0.0,
            0.0,
            0.0,
            0.0
        ]
    ],
    "res_x": 848,
    "res_y": 480,
    "trans": true,
    "mode": "RGBA",
    "far_plane": 1.5
}