{
    "pose": [
        [
            0.9915710381598768,
            -0.011581650898295014,
            0.12904550222698297,
            4.995526745743745
        ],
        [
            -0.011581650898295014,
            0.9840864580865137,
            0.17731245972353518,
            6.8640062583856505
        ],
        [
            -0.12904550222698297,
            -0.17731245972353518,
            0.9756574962463905,
            37.76902745987454
        ],
        [
            0.0,
            0.0,
            0.0,
            0.0
        ]
    ],
    "res_x": 848,
    "res_y": 480,
    "trans": true,
    "mode": "RGBA",
    "far_plane": 1.5
}