{
    "pose": [
        [
            0.9774160571481795,
            -0.034189197236539605,
            0.20854004416712824,
            7.985813056688883
        ],
        [
            -0.034189197236539605,
            0.9482419338665312,
            0.3157029199253342,
            12.0894982546088
        ],
        [
            -0.20854004416712824,
            -0.3157029199253342,
            0.9256579910147107,
            35.447061019846494
        ],
        [
            0.0,
            0.0,
            0.0,
            0.0
        ]
    ],
    "res_x": 848,
    "res_y": 480,
    "trans": true,
    "mode": "RGBA",
    "far_plane": 1.5
}