{
    "pose": [
        [
            0.9922930297845335,
            -0.010723662692886335,
            0.1234485564900623,
            4.4256568853942095
        ],
        [
            -0.010723662692886335,
            0.98507883924087,
            0.17176927413920498,
            6.157964843068328
        ],
        [
            -0.1234485564900623,
            -0.17176927413920498,
            0.9773718690254035,
            35.03898842341742
        ],
        [
            0.0,
            0.0,
            0.0,
            0.0
        ]
    ],
    "res_x": 848,
    "res_y": 480,
    "trans": true,
    "mode": "RGBA",
    "far_plane": 1.5
}