{
    "pose": [
        [
            0.99177478865829,
            -0.0115093380723923,
            0.12747667911794516,
            4.407749717916865
        ],
        [
            -0.0115093380723923,
            0.9838952633116075,
            0.17837501498281064,
            6.167656919007553
        ],
        [
            -0.12747667911794516,
            -0.17837501498281064,
            0.9756700519698975,
            36.235656012589494
        ],
        [
            0.0,
            0.0,
            0.0,
            0.0
        ]
    ],
    "res_x": 848,
    "res_y": 480,
    "trans": true,
    "mode": "RGBA",
    "far_plane": 1.5
}