{
    "pose": [
        [
            0.992985489456186,
            -0.009882080331338833,
            0.11782258789291437,
            3.8998830028139837
        ],
        [
            -0.009882080331338833,
            0.9860780718675866,
            0.1659890980463108,
            5.49417623309699
        ],
        [
            -0.11782258789291437,
            -0.1659890980463108,
            0.9790635613237726,
            32.40663280076136
        ],
        [
            0.0,
            0.0,
            0.0,
            0.0
        ]
    ],
    "res_x": 848,
    "res_y": 480,
    "trans": true,
    "mode": "RGBA",
    "far_plane": 1.5
}