{
    "pose": [
        [
            0.9924977599935914,
            -0.010629470977941227,
            0.12179987994424522,
            3.8845025691225454
        ],
        [
            -0.010629470977941227,
            0.9849397442398031,
            0.17257089720911917,
            5.503717194725189
        ],
        [
            -0.12179987994424522,
            -0.17257089720911917,
            0.9774375042333945,
            33.67292478522466
        ],
        [
            0.0,
            0.0,
            0.0,
            0.0
        ]
    ],
    "res_x": 848,
    "res_y": 480,
    "trans": true,
    "mode": "RGBA",
    "far_plane": 1.5
}