{
    "pose": [
        [
            0.9774430119435831,
            -0.03462007228035206,
            0.20834252805886663,
            7.385589966202396
        ],
        [
            -0.03462007228035206,
            0.9468657162162284,
            0.319760482313922,
            11.335274808120172
        ],
        [
            -0.20834252805886663,
            -0.319760482313922,
            0.9243087281598115,
            32.76606716820473
        ],
        [
            0.0,
            0.0,
            0.0,
            0.0
        ]
    ],
    "res_x": 848,
    "res_y": 480,
    "trans": true,
    "mode": "RGBA",
    "far_plane": 1.5
}