{
    "pose": [
        [
            0.977470167261258,
            -0.03504864741290875,
            0.20814337469344046,
            6.8085787719344575
        ],
        [
            -0.03504864741290875,
            0.9454763956874814,
            0.3237992858428421,
            10.5917997495915
        ],
        [
            -0.20814337469344046,
            -0.3237992858428421,
            0.9229465629487394,
            30.190508755697106
        ],
        [
            0.0,
            0.0,
            0.0,
            0.0
        ]
    ],
    "res_x": 848,
    "res_y": 480,
    "trans": true,
    "mode": "RGBA",
    "far_plane": 1.5
}