{
    "pose": [
        [
            0.9931846845054965,
            -0.009774812866679581,
            0.1161405850559522,
            3.4050825021214997
        ],
        [
            -0.009774812866679581,
            0.9859805512076936,
            0.16657372443934265,
            4.883712908182438
        ],
        [
            -0.1161405850559522,
            -0.16657372443934265,
            0.97916523571319,
            31.207780395685056
        ],
        [
            0.0,
            0.0,
            0.0,
            0.0
        ]
    ],
    "res_x": 848,
    "res_y": 480,
    "trans": true,
    "mode": "RGBA",
    "far_plane": 1.5
}