{
    "pose": [
        [
            0.9936398445433657,
            -0.009069430178207731,
            0.1122390519029743,
            3.418704026096236
        ],
        [
            -0.009069430178207731,
            0.9870672086054775,
            0.16005021440795852,
            4.874990505506523
        ],
        [
            -0.1122390519029743,
            -0.16005021440795852,
            0.9807070531488432,
            29.871484961573152
        ],
        [
            0.0,
            0.0,
            0.0,
            0.0
        ]
    ],
    "res_x": 848,
    "res_y": 480,
    "trans": true,
    "mode": "RGBA",
    "far_plane": 1.5
}