{
    "pose": [
        [
            0.9938300123564582,
            -0.008954644790740795,
            0.1105518922327151,
            2.968867439457745
        ],
        [
            -0.008954644790740795,
            0.9870039183283824,
            0.16044650055732465,
            4.308785509314129
        ],
        [
            -0.1105518922327151,
            -0.16044650055732465,
            0.9808339306848406,
            28.840263034085392
        ],
        [
            0.0,
            0.0,
            0.0,
            0.0
        ]
    ],
    "res_x": 848,
    "res_y": 480,
    "trans": true,
    "mode": "RGBA",
    "far_plane": 1.5
}