{
    "pose": [
        [
            0.9774975194603102,
            -0.03547490693333387,
            0.20794261330235297,
            6.254816342438207
        ],
        [
            -0.03547490693333387,
            0.9440742090762388,
            0.3278191860388061,
            9.860647462475232
        ],
        [
            -0.20794261330235297,
            -0.3278191860388061,
            0.921571728536549,
            27.720445640442513
        ],
        [
            0.0,
            0.0,
            0.0,
            0.0
        ]
    ],
    "res_x": 848,
    "res_y": 480,
    "trans": true,
    "mode": "RGBA",
    "far_plane": 1.5
}