{
    "pose": [
        [
            0.9942521463622936,
            -0.008292978141498507,
            0.10674219394183762,
            2.981143062643144
        ],
        [
            -0.008292978141498507,
            0.9880349273328374,
            0.15400717153411878,
            4.30118019933521
        ],
        [
            -0.10674219394183762,
            -0.15400717153411878,
            0.982287073695131,
            27.43374655448703
        ],
        [
            0.0,
            0.0,
            0.0,
            0.0
        ]
    ],
    "res_x": 848,
    "res_y": 480,
    "trans": true,
    "mode": "RGBA",
    "far_plane": 1.5
}