{
    "pose": [
        [
            0.9775250648633775,
            -0.035898835091772746,
            0.20774027342550413,
            5.724338184427967
        ],
        [
            -0.035898835091772746,
            0.9426593957618885,
            0.33182003740112653,
            9.1433889015975
        ],
        [
            -0.20774027342550413,
            -0.33182003740112653,
            0.920184460625266,
            25.355926214102027
        ],
        [
            0.0,
            0.0,
            0.0,
            0.0
        ]
    ],
    "res_x": 848,
    "res_y": 480,
    "trans": true,
    "mode": "RGBA",
    "far_plane": 1.5
}