{
    "pose": [
        [
            0.9948240687312904,
            -0.007553071371946033,
            0.10133125571989669,
            2.584707439846549
        ],
        [
            -0.007553071371946033,
            0.9889780439136446,
            0.14786946868637696,
            3.771781106673771
        ],
        [
            -0.10133125571989669,
            -0.14786946868637696,
            0.983802112644935,
            25.09433660744443
        ],
        [
            0.0,
            0.0,
            0.0,
            0.0
        ]
    ],
    "res_x": 848,
    "res_y": 480,
    "trans": true,
    "mode": "RGBA",
    "far_plane": 1.5
}