{
    "pose": [
        [
            0.9944340408084159,
            -0.008171105715099729,
            0.10504366479154457,
            2.5737175072318315
        ],
        [
            -0.008171105715099729,
            0.9880044092475041,
            0.15420933933741887,
            3.7783456738584467
        ],
        [
            -0.10504366479154457,
            -0.15420933933741887,
            0.98243845005592,
            26.571123600879528
        ],
        [
            0.0,
            0.0,
            0.0,
            0.0
        ]
    ],
    "res_x": 848,
    "res_y": 480,
    "trans": true,
    "mode": "RGBA",
    "far_plane": 1.5
}