{
    "pose": [
        [
            0.97755279974604,
            -0.03632041595335689,
            0.20753638498743726,
            5.217178450157304
        ],
        [
            -0.03632041595335689,
            0.941232198220705,
            0.335801692100553,
            8.441591346304952
        ],
        [
            -0.20753638498743726,
            -0.335801692100553,
            0.9187849979667451,
            23.09698750900998
        ],
        [
            0.0,
            0.0,
            0.0,
            0.0
        ]
    ],
    "res_x": 848,
    "res_y": 480,
    "trans": true,
    "mode": "RGBA",
    "far_plane": 1.5
}