{
    "pose": [
        [
            0.9949987420558656,
            -0.007424048641458934,
            0.09961117813284931,
            2.2171360968167777
        ],
        [
            -0.007424048641458934,
            0.988979472995311,
            0.14786644479288114,
            3.2911972170535795
        ],
        [
            -0.09961117813284931,
            -0.14786644479288114,
            0.9839782150511766,
            24.40129320789414
        ],
        [
            0.0,
            0.0,
            0.0,
            0.0
        ]
    ],
    "res_x": 848,
    "res_y": 480,
    "trans": true,
    "mode": "RGBA",
    "far_plane": 1.5
}