{
    "pose": [
        [
            0.9953575039457598,
            -0.00684956967331673,
            0.09600272253513008,
            2.2269073873273992
        ],
        [
            -0.00684956967331673,
            0.9898940991739198,
            0.14164305777532557,
            3.285594026857842
        ],
        [
            -0.09600272253513008,
            -0.14164305777532557,
            0.9852516031196796,
            22.854185958742036
        ],
        [
            0.0,
            0.0,
            0.0,
            0.0
        ]
    ],
    "res_x": 848,
    "res_y": 480,
    "trans": true,
    "mode": "RGBA",
    "far_plane": 1.5
}