{
    "pose": [
        [
            0.940544931993183,
            -0.06527812431583481,
            0.3333376627201691,
            44.3583393580946
        ],
        [
            -0.06527812431583481,
            0.9283285066009007,
            0.36598490449463594,
            48.702815220557454
        ],
        [
            -0.3333376627201691,
            -0.36598490449463594,
            0.8688734385940837,
            115.62384680409201
        ],
        [
            0.0,
            0.0,
            0.0,
            0.0
        ]
    ],
    "res_x": 848,
    "res_y": 480,
    "trans": true,
    "mode": "RGBA",
    "far_plane": 1.5
}