{
    "pose": [
        [
            0.9387106503996991,
            -0.06723154031622054,
            0.3380861351976479,
            44.18295235869997
        ],
        [
            -0.06723154031622054,
            0.9262501553243861,
            0.37086462455761265,
            48.46662531362555
        ],
        [
            -0.3380861351976479,
            -0.37086462455761265,
            0.8649608057240853,
            115.53782702922233
        ],
        [
            0.0,
            0.0,
            0.0,
            0.0
        ]
    ],
    "res_x": 848,
    "res_y": 480,
    "trans": true,
    "mode": "RGBA",
    "far_plane": 1.5
}