{
    "pose": [
        [
            -0.027087461139757463,
            0.6633114129271469,
            0.7478530864612342,
            1.8412657968119506
        ],
        [
            -0.6633114129271469,
            0.5477681570073683,
            -0.5098705871584899,
            45.08848618024075
        ],
        [
            -0.7478530864612342,
            -0.5098705871584899,
            0.4251443818528743,
            50.83519278668171
        ],
        [
            0.0,
            0.0,
            0.0,
            0.0
        ]
    ],
    "res_x": 848,
    "res_y": 480,
    "trans": true,
    "mode": "RGBA",
    "far_plane": 1.5
}