{
    "pose": [
        [
            0.940830647596617,
            -0.06488997452880012,
            0.3326063495313669,
            44.186157166688474
        ],
        [
            -0.06488997452880012,
            0.9288363211136381,
            0.364763457305874,
            48.458171276318424
        ],
        [
            -0.3326063495313669,
            -0.364763457305874,
            0.8696669687102552,
            115.53369746624439
        ],
        [
            0.0,
            0.0,
            0.0,
            0.0
        ]
    ],
    "res_x": 848,
    "res_y": 480,
    "trans": true,
    "mode": "RGBA",
    "far_plane": 1.5
}