{
    "pose": [
        [
            0.9606851704363851,
            -0.047317628264571414,
            0.27357822530133763,
            24.56424958364391
        ],
        [
            -0.047317628264571414,
            0.943050549387189,
            0.3292669181013132,
            29.56446825023815
        ],
        [
            -0.27357822530133763,
            -0.3292669181013132,
            0.9037357198235741,
            81.14530955432663
        ],
        [
            0.0,
            0.0,
            0.0,
            0.0
        ]
    ],
    "res_x": 848,
    "res_y": 480,
    "trans": true,
    "mode": "RGBA",
    "far_plane": 1.5
}