{
    "pose": [
        [
            0.9958542190386702,
            -0.006182287234100109,
            0.09075325750316209,
            1.9053452720514918
        ],
        [
            -0.006182287234100109,
            0.9907808261455622,
            0.13533341740631666,
            2.8412962145927607
        ],
        [
            -0.09075325750316209,
            -0.13533341740631666,
            0.9866350451842324,
            20.71419219873829
        ],
        [
            0.0,
            0.0,
            0.0,
            0.0
        ]
    ],
    "res_x": 848,
    "res_y": 480,
    "trans": true,
    "mode": "RGBA",
    "far_plane": 1.5
}