{
    "pose": [
        [
            0.9955259579646979,
            -0.00671327666589612,
            0.09424966278389332,
            1.8967203012628198
        ],
        [
            -0.00671327666589612,
            0.9899267634865163,
            0.14142112589538317,
            2.84601888845228
        ],
        [
            -0.09424966278389332,
            -0.14142112589538317,
            0.9854527214512142,
            22.331669711083943
        ],
        [
            0.0,
            0.0,
            0.0,
            0.0
        ]
    ],
    "res_x": 848,
    "res_y": 480,
    "trans": true,
    "mode": "RGBA",
    "far_plane": 1.5
}