{
    "pose": [
        [
            0.9775807203228902,
            -0.03673963322187883,
            0.2073309783985523,
            4.733369945441544
        ],
        [
            -0.03673963322187883,
            0.9397928627182284,
            0.339763998290871,
            7.756818158459482
        ],
        [
            -0.2073309783985523,
            -0.339763998290871,
            0.9173735830411186,
            20.943655310214723
        ],
        [
            0.0,
            0.0,
            0.0,
            0.0
        ]
    ],
    "res_x": 848,
    "res_y": 480,
    "trans": true,
    "mode": "RGBA",
    "far_plane": 1.5
}