{
    "pose": [
        [
            0.9960174093787042,
            -0.006038552641890009,
            0.08895423596729933,
            1.61015494141311
        ],
        [
            -0.006038552641890009,
            0.9908441209563708,
            0.13487573483836138,
            2.4413770582723746
        ],
        [
            -0.08895423596729933,
            -0.13487573483836138,
            0.986861530335075,
            20.36311750396755
        ],
        [
            0.0,
            0.0,
            0.0,
            0.0
        ]
    ],
    "res_x": 848,
    "res_y": 480,
    "trans": true,
    "mode": "RGBA",
    "far_plane": 1.5
}