{
    "pose": [
        [
            0.9963158646223522,
            -0.005551001776424813,
            0.0855796954954435,
            1.6177097671688878
        ],
        [
            -0.005551001776424813,
            0.9916361323449668,
            0.12894559863443755,
            2.437453804161702
        ],
        [
            -0.0855796954954435,
            -0.12894559863443755,
            0.9879519969673191,
            18.675219463396353
        ],
        [
            0.0,
            0.0,
            0.0,
            0.0
        ]
    ],
    "res_x": 848,
    "res_y": 480,
    "trans": true,
    "mode": "RGBA",
    "far_plane": 1.5
}