{
    "pose": [
        [
            0.9776088227289318,
            -0.03715647000822409,
            0.207124084690989,
            4.27294413831679
        ],
        [
            -0.03715647000822409,
            0.9383416402470297,
            0.34370679788890096,
            7.090628545348046
        ],
        [
            -0.207124084690989,
            -0.34370679788890096,
            0.9159504629759615,
            18.89594427224984
        ],
        [
            0.0,
            0.0,
            0.0,
            0.0
        ]
    ],
    "res_x": 848,
    "res_y": 480,
    "trans": true,
    "mode": "RGBA",
    "far_plane": 1.5
}