{
    "pose": [
        [
            0.9964747049433303,
            -0.0053996072110472455,
            0.08371981038003552,
            1.3552068782637001
        ],
        [
            -0.0053996072110472455,
            0.991729555238665,
            0.12823156205897995,
            2.0757368432151773
        ],
        [
            -0.08371981038003552,
            -0.12823156205897995,
            0.9882042601819954,
            18.496467316981555
        ],
        [
            0.0,
            0.0,
            0.0,
            0.0
        ]
    ],
    "res_x": 848,
    "res_y": 480,
    "trans": true,
    "mode": "RGBA",
    "far_plane": 1.5
}