{
    "pose": [
        [
            0.9967439833285666,
            -0.0049554620805621775,
            0.08047903512014994,
            1.3617702996885757
        ],
        [
            -0.0049554620805621775,
            0.992458083938164,
            0.12248426438263954,
            2.0725327181975666
        ],
        [
            -0.08047903512014994,
            -0.12248426438263954,
            0.9892020672667307,
            16.73809823369891
        ],
        [
            0.0,
            0.0,
            0.0,
            0.0
        ]
    ],
    "res_x": 848,
    "res_y": 480,
    "trans": true,
    "mode": "RGBA",
    "far_plane": 1.5
}