{
    "pose": [
        [
            0.9776371029944824,
            -0.037570908522311916,
            0.20691573570263824,
            3.8359311683174195
        ],
        [
            -0.037570908522311916,
            0.936878787804476,
            0.3476299236182406,
            6.444577327668224
        ],
        [
            -0.20691573570263824,
            -0.3476299236182406,
            0.9145158907989583,
            16.95385804044755
        ],
        [
            0.0,
            0.0,
            0.0,
            0.0
        ]
    ],
    "res_x": 848,
    "res_y": 480,
    "trans": true,
    "mode": "RGBA",
    "far_plane": 1.5
}