{
    "pose": [
        [
            0.9971400178064264,
            -0.004395394136069794,
            0.07544842874035457,
            1.1353718020814356
        ],
        [
            -0.004395394136069794,
            0.9932448916448475,
            0.11595372237148621,
            1.7449082628350319
        ],
        [
            -0.07544842874035457,
            -0.11595372237148621,
            0.9903849094512739,
            14.903625140658798
        ],
        [
            0.0,
            0.0,
            0.0,
            0.0
        ]
    ],
    "res_x": 848,
    "res_y": 480,
    "trans": true,
    "mode": "RGBA",
    "far_plane": 1.5
}