{
    "pose": [
        [
            0.9968993492919566,
            -0.00479614564004987,
            0.07854097254473687,
            1.1297196458675935
        ],
        [
            -0.00479614564004987,
            0.9925812304685282,
            0.12148867399301828,
            1.7474718903199185
        ],
        [
            -0.07854097254473687,
            -0.12148867399301828,
            0.9894805797604848,
            16.73251602242585
        ],
        [
            0.0,
            0.0,
            0.0,
            0.0
        ]
    ],
    "res_x": 848,
    "res_y": 480,
    "trans": true,
    "mode": "RGBA",
    "far_plane": 1.5
}