{
    "pose": [
        [
            0.9776655570109342,
            -0.0379829296571749,
            0.20670596432894245,
            3.4223598563497517
        ],
        [
            -0.0379829296571749,
            0.9354045701498717,
            0.3515331950149118,
            5.820214712715726
        ],
        [
            -0.20670596432894245,
            -0.3515331950149118,
            0.9130701271608058,
            15.11738937660528
        ],
        [
            0.0,
            0.0,
            0.0,
            0.0
        ]
    ],
    "res_x": 848,
    "res_y": 480,
    "trans": true,
    "mode": "RGBA",
    "far_plane": 1.5
}