{
    "pose": [
        [
            0.9776941804834173,
            -0.03839251241788524,
            0.20649480487194272,
            3.0322577151374226
        ],
        [
            -0.03839251241788524,
            0.9339192622507472,
            0.35541641294017745,
            5.219086072856231
        ],
        [
            -0.20649480487194272,
            -0.35541641294017745,
            0.9116134427341644,
            13.386520288817428
        ],
        [
            0.0,
            0.0,
            0.0,
            0.0
        ]
    ],
    "res_x": 848,
    "res_y": 480,
    "trans": true,
    "mode": "RGBA",
    "far_plane": 1.5
}