{
    "pose": [
        [
            0.9975053181997114,
            -0.0038705062170527986,
            0.07048517109943185,
            0.936429791743189
        ],
        [
            -0.0038705062170527986,
            0.9939948981170619,
            0.10935795215198386,
            1.452873601096633
        ],
        [
            -0.07048517109943185,
            -0.10935795215198386,
            0.9915002163167733,
            13.172562775921627
        ],
        [
            0.0,
            0.0,
            0.0,
            0.0
        ]
    ],
    "res_x": 848,
    "res_y": 480,
    "trans": true,
    "mode": "RGBA",
    "far_plane": 1.5
}