{
    "pose": [
        [
            0.9972927504434249,
            -0.004227853913475362,
            0.07341181896857504,
            0.931608416435442
        ],
        [
            -0.004227853913475362,
            0.9933974506819008,
            0.11464567253057031,
            1.4548730018949698
        ],
        [
            -0.07341181896857504,
            -0.11464567253057031,
            0.9906902011253257,
            15.072026444999947
        ],
        [
            0.0,
            0.0,
            0.0,
            0.0
        ]
    ],
    "res_x": 848,
    "res_y": 480,
    "trans": true,
    "mode": "RGBA",
    "far_plane": 1.5
}