{
    "pose": [
        [
            0.9777229688642842,
            -0.038799633122853824,
            0.2062822935318052,
            2.665650960216507
        ],
        [
            -0.038799633122853824,
            0.9324231527398417,
            0.3592793519035373,
            4.642731729371458
        ],
        [
            -0.2062822935318052,
            -0.3592793519035373,
            0.9101461216041259,
            11.761222165281483
        ],
        [
            0.0,
            0.0,
            0.0,
            0.0
        ]
    ],
    "res_x": 848,
    "res_y": 480,
    "trans": true,
    "mode": "RGBA",
    "far_plane": 1.5
}