{
    "pose": [
        [
            0.9978411491182697,
            -0.0033804930430839154,
            0.06558668609646873,
            0.7629257738939301
        ],
        [
            -0.0033804930430839154,
            0.9947065666688477,
            0.10270062557092302,
            1.1946472509350616
        ],
        [
            -0.06558668609646873,
            -0.10270062557092302,
            0.9925477157871174,
            11.545639507990174
        ],
        [
            0.0,
            0.0,
            0.0,
            0.0
        ]
    ],
    "res_x": 848,
    "res_y": 480,
    "trans": true,
    "mode": "RGBA",
    "far_plane": 1.5
}