{
    "pose": [
        [
            0.9976562261732751,
            -0.0036944046730004398,
            0.06832573272063004,
            0.7588552995060192
        ],
        [
            -0.0036944046730004398,
            0.99417664548846,
            0.10769934512068773,
            1.1961557607048516
        ],
        [
            -0.06832573272063004,
            -0.10769934512068773,
            0.9918328716617351,
            13.51572717796155
        ],
        [
            0.0,
            0.0,
            0.0,
            0.0
        ]
    ],
    "res_x": 848,
    "res_y": 480,
    "trans": true,
    "mode": "RGBA",
    "far_plane": 1.5
}