{
    "pose": [
        [
            0.9981486961241228,
            -0.0029250391646527345,
            0.06075051087520862,
            0.6129029592877692
        ],
        [
            -0.0029250391646527345,
            0.9953784712352,
            0.09598511940588221,
            0.9683797367943214
        ],
        [
            -0.06075051087520862,
            -0.09598511940588221,
            0.9935271673593228,
            10.023549304106696
        ],
        [
            0.0,
            0.0,
            0.0,
            0.0
        ]
    ],
    "res_x": 848,
    "res_y": 480,
    "trans": true,
    "mode": "RGBA",
    "far_plane": 1.5
}