{
    "pose": [
        [
            0.9777519172578458,
            -0.03920426426364568,
            0.20606846911197474,
            2.322564521460078
        ],
        [
            -0.03920426426364568,
            0.9309165488879809,
            0.36312174910081846,
            4.092686741773248
        ],
        [
            -0.20606846911197474,
            -0.36312174910081846,
            0.9086684661458267,
            10.241455911884612
        ],
        [
            0.0,
            0.0,
            0.0,
            0.0
        ]
    ],
    "res_x": 848,
    "res_y": 480,
    "trans": true,
    "mode": "RGBA",
    "far_plane": 1.5
}