{
    "pose": [
        [
            0.997991009017417,
            -0.0031954637808709356,
            0.063275073541033,
            0.6095049583296993
        ],
        [
            -0.0031954637808709356,
            0.9949173546007014,
            0.10064415793063804,
            0.9694672775980427
        ],
        [
            -0.063275073541033,
            -0.10064415793063804,
            0.9929083636181184,
            12.0643124049444
        ],
        [
            0.0,
            0.0,
            0.0,
            0.0
        ]
    ],
    "res_x": 848,
    "res_y": 480,
    "trans": true,
    "mode": "RGBA",
    "far_plane": 1.5
}