{
    "pose": [
        [
            0.998429071732777,
            -0.002503821725923387,
            0.055974276195320784,
            0.48446228896439886
        ],
        [
            -0.002503821725923387,
            0.996009287396497,
            0.0892145184187361,
            0.7721595121869662
        ],
        [
            -0.055974276195320784,
            -0.0892145184187361,
            0.9944383591292739,
            8.606951557830824
        ],
        [
            0.0,
            0.0,
            0.0,
            0.0
        ]
    ],
    "res_x": 848,
    "res_y": 480,
    "trans": true,
    "mode": "RGBA",
    "far_plane": 1.5
}