{
    "pose": [
        [
            0.9982982489986576,
            -0.002730699198402296,
            0.0582507453008293,
            0.4816605583256869
        ],
        [
            -0.002730699198402296,
            0.9956182084768731,
            0.09347152631250644,
            0.7728922148330868
        ],
        [
            -0.0582507453008293,
            -0.09347152631250644,
            0.9939164574755307,
            10.718441727473268
        ],
        [
            0.0,
            0.0,
            0.0,
            0.0
        ]
    ],
    "res_x": 848,
    "res_y": 480,
    "trans": true,
    "mode": "RGBA",
    "far_plane": 1.5
}