{
    "pose": [
        [
            0.9777810202809027,
            -0.039606372839266296,
            0.20585337405287757,
            2.003022055111567
        ],
        [
            -0.039606372839266296,
            0.929399783909308,
            0.3669432883973335,
            3.5704807026686143
        ],
        [
            -0.20585337405287757,
            -0.3669432883973335,
            0.9071808041902107,
            8.827172093375943
        ],
        [
            0.0,
            0.0,
            0.0,
            0.0
        ]
    ],
    "res_x": 848,
    "res_y": 480,
    "trans": true,
    "mode": "RGBA",
    "far_plane": 1.5
}