{
    "pose": [
        [
            0.9986833208974546,
            -0.002116512797588915,
            0.051255681975849336,
            0.37575875922871194
        ],
        [
            -0.002116512797588915,
            0.9965977842181154,
            0.0823916067637978,
            0.6040182616829106
        ],
        [
            -0.051255681975849336,
            -0.0823916067637978,
            0.99528110511557,
            7.29647092235008
        ],
        [
            0.0,
            0.0,
            0.0,
            0.0
        ]
    ],
    "res_x": 848,
    "res_y": 480,
    "trans": true,
    "mode": "RGBA",
    "far_plane": 1.5
}