{
    "pose": [
        [
            0.977810271853322,
            -0.04000591785811566,
            0.20563705598569101,
            1.7070459563066258
        ],
        [
            -0.04000591785811566,
            0.927873227959762,
            0.3707435763055933,
            3.077637538261382
        ],
        [
            -0.20563705598569101,
            -0.3707435763055933,
            0.905683499813084,
            7.518311077927206
        ],
        [
            0.0,
            0.0,
            0.0,
            0.0
        ]
    ],
    "res_x": 848,
    "res_y": 480,
    "trans": true,
    "mode": "RGBA",
    "far_plane": 1.5
}