{
    "pose": [
        [
            0.9985790126857484,
            -0.0022997947522822217,
            0.05324158494685572,
            0.3734800185247867
        ],
        [
            -0.0022997947522822217,
            0.9962779006894861,
            0.08616876198395769,
            0.6044581665656638
        ],
        [
            -0.05324158494685572,
            -0.08616876198395769,
            0.9948569133752345,
            9.478739998213328
        ],
        [
            0.0,
            0.0,
            0.0,
            0.0
        ]
    ],
    "res_x": 848,
    "res_y": 480,
    "trans": true,
    "mode": "RGBA",
    "far_plane": 1.5
}