{
    "pose": [
        [
            0.9989124261043107,
            -0.0017627812180187623,
            0.0465924626605784,
            0.2849980123112543
        ],
        [
            -0.0017627812180187623,
            0.9971428170215226,
            0.07551883913805585,
            0.4619356397447847
        ],
        [
            -0.0465924626605784,
            -0.07551883913805585,
            0.9960552431258334,
            6.092697149559548
        ],
        [
            0.0,
            0.0,
            0.0,
            0.0
        ]
    ],
    "res_x": 848,
    "res_y": 480,
    "trans": true,
    "mode": "RGBA",
    "far_plane": 1.5
}