{
    "pose": [
        [
            0.9778396648741922,
            -0.04040284647761986,
            0.2054195701369115,
            1.434657372063519
        ],
        [
            -0.04040284647761986,
            0.926337305179422,
            0.374522104860891,
            2.6156753145832576
        ],
        [
            -0.2054195701369115,
            -0.374522104860891,
            0.9041769700536142,
            6.3148031848810895
        ],
        [
            0.0,
            0.0,
            0.0,
            0.0
        ]
    ],
    "res_x": 848,
    "res_y": 480,
    "trans": true,
    "mode": "RGBA",
    "far_plane": 1.5
}