{
    "pose": [
        [
            0.9988342761140182,
            -0.0019024732840371471,
            0.048233488938587324,
            0.28317250340106886
        ],
        [
            -0.0019024732840371471,
            0.9968951441760785,
            0.07871754641475566,
            0.4621404167597636
        ],
        [
            -0.048233488938587324,
            -0.07871754641475566,
            0.9957294202900967,
            8.345797159990806
        ],
        [
            0.0,
            0.0,
            0.0,
            0.0
        ]
    ],
    "res_x": 848,
    "res_y": 480,
    "trans": true,
    "mode": "RGBA",
    "far_plane": 1.5
}