{
    "pose": [
        [
            0.9405342351582495,
            -0.06589278335992063,
            0.33324689585406353,
            43.25446058834653
        ],
        [
            -0.06589278335992063,
            0.9269855704291042,
            0.36926398865487914,
            47.92937261435964
        ],
        [
            -0.33324689585406353,
            -0.36926398865487914,
            0.8675198055873539,
            115.10150269132863
        ],
        [
            0.0,
            0.0,
            0.0,
            0.0
        ]
    ],
    "res_x": 848,
    "res_y": 480,
    "trans": true,
    "mode": "RGBA",
    "far_plane": 1.5
}