{
    "pose": [
        [
            0.06173266585689813,
            0.6944805389906208,
            0.7168583255633553,
            -3.8513001993433686
        ],
        [
            -0.6944805389906208,
            0.5457394930507784,
            -0.4688978424859474,
            43.32638160248506
        ],
        [
            -0.7168583255633553,
            -0.4688978424859474,
            0.5159931728061198,
            44.72245890924218
        ],
        [
            0.0,
            0.0,
            0.0,
            0.0
        ]
    ],
    "res_x": 848,
    "res_y": 480,
    "trans": true,
    "mode": "RGBA",
    "far_plane": 1.5
}