{
    "pose": [
        [
            0.9422205689630316,
            -0.06409980697711495,
            0.32880330620064885,
            43.488566352054534
        ],
        [
            -0.06409980697711495,
            0.9288884438499487,
            0.36477043962952543,
            48.2456933003474
        ],
        [
            -0.32880330620064885,
            -0.36477043962952543,
            0.8711090128129804,
            115.21563618485068
        ],
        [
            0.0,
            0.0,
            0.0,
            0.0
        ]
    ],
    "res_x": 848,
    "res_y": 480,
    "trans": true,
    "mode": "RGBA",
    "far_plane": 1.5
}