{
    "pose": [
        [
            0.9646158982745627,
            -0.04355868271037828,
            0.26003617047729144,
            20.541956757371853
        ],
        [
            -0.04355868271037828,
            0.9463782109212223,
            0.3201107980904158,
            25.287644252995793
        ],
        [
            -0.26003617047729144,
            -0.3201107980904158,
            0.910994109195785,
            71.96537913541738
        ],
        [
            0.0,
            0.0,
            0.0,
            0.0
        ]
    ],
    "res_x": 848,
    "res_y": 480,
    "trans": true,
    "mode": "RGBA",
    "far_plane": 1.5
}