{
    "pose": [
        [
            0.9426025340681611,
            -0.06357930038829898,
            0.3278080769755616,
            43.25894393654539
        ],
        [
            -0.06357930038829898,
            0.9295730678656453,
            0.3631137343326286,
            47.918028198115024
        ],
        [
            -0.3278080769755616,
            -0.3631137343326286,
            0.8721756019338064,
            115.0959909681848
        ],
        [
            0.0,
            0.0,
            0.0,
            0.0
        ]
    ],
    "res_x": 848,
    "res_y": 480,
    "trans": true,
    "mode": "RGBA",
    "far_plane": 1.5
}