{
    "pose": [
        [
            0.9990649053180674,
            -0.001538540046394224,
            0.043208192004835486,
            0.20899523073001258
        ],
        [
            -0.001538540046394224,
            0.9974685927317366,
            0.07109176751421128,
            0.3438662824164047
        ],
        [
            -0.043208192004835486,
            -0.07109176751421128,
            0.996533498049804,
            7.320168090620349
        ],
        [
            0.0,
            0.0,
            0.0,
            0.0
        ]
    ],
    "res_x": 848,
    "res_y": 480,
    "trans": true,
    "mode": "RGBA",
    "far_plane": 1.5
}