{
    "pose": [
        [
            0.9778691907035569,
            -0.04079708782752877,
            0.20520098317884206,
            1.1858762147223887
        ],
        [
            -0.04079708782752877,
            0.9247925210094053,
            0.3782781922208331,
            2.1861060495597235
        ],
        [
            -0.20520098317884206,
            -0.3782781922208331,
            0.9026617117129623,
            5.216568835481932
        ],
        [
            0.0,
            0.0,
            0.0,
            0.0
        ]
    ],
    "res_x": 848,
    "res_y": 480,
    "trans": true,
    "mode": "RGBA",
    "far_plane": 1.5
}