{
    "pose": [
        [
            0.9991173120834699,
            -0.0014422940507675063,
            0.04198233536826517,
            0.2104331818005424
        ],
        [
            -0.0014422940507675063,
            0.9976433209405918,
            0.06859827964678494,
            0.34384352669975954
        ],
        [
            -0.04198233536826517,
            -0.06859827964678494,
            0.9967606330240617,
            4.996184934945976
        ],
        [
            0.0,
            0.0,
            0.0,
            0.0
        ]
    ],
    "res_x": 848,
    "res_y": 480,
    "trans": true,
    "mode": "RGBA",
    "far_plane": 1.5
}