{
    "pose": [
        [
            0.9992988499819637,
            -0.001154718003695407,
            0.03742292146608565,
            0.15036199666392525
        ],
        [
            -0.001154718003695407,
            0.9980983047368485,
            0.06163149120182894,
            0.2476298939643274
        ],
        [
            -0.03742292146608565,
            -0.06163149120182894,
            0.9973971547188122,
            4.007453768310119
        ],
        [
            0.0,
            0.0,
            0.0,
            0.0
        ]
    ],
    "res_x": 848,
    "res_y": 480,
    "trans": true,
    "mode": "RGBA",
    "far_plane": 1.5
}