{
    "pose": [
        [
            0.9992716134818576,
            -0.0012079657638932627,
            0.03814162172847741,
            0.14925052054004678
        ],
        [
            -0.0012079657638932627,
            0.9979966937190716,
            0.0632545661949777,
            0.2475190226137282
        ],
        [
            -0.03814162172847741,
            -0.0632545661949777,
            0.9972683072009292,
            6.402372453573481
        ],
        [
            0.0,
            0.0,
            0.0,
            0.0
        ]
    ],
    "res_x": 848,
    "res_y": 480,
    "trans": true,
    "mode": "RGBA",
    "far_plane": 1.5
}