{
    "pose": [
        [
            0.9778988382986162,
            -0.04118854271504972,
            0.20498137965002397,
            0.9607211758160238
        ],
        [
            -0.04118854271504972,
            0.923239507772876,
            0.38201088366211255,
            1.790435531036978
        ],
        [
            -0.20498137965002397,
            -0.38201088366211255,
            0.9011383460714922,
            4.223518706376361
        ],
        [
            0.0,
            0.0,
            0.0,
            0.0
        ]
    ],
    "res_x": 848,
    "res_y": 480,
    "trans": true,
    "mode": "RGBA",
    "far_plane": 1.5
}