{
    "pose": [
        [
            0.977928592702367,
            -0.04157706560852077,
            0.2047608731924944,
            0.759209740353677
        ],
        [
            -0.04157706560852077,
            0.9216791044945908,
            0.3857187783261711,
            1.4301631409202455
        ],
        [
            -0.2047608731924944,
            -0.3857187783261711,
            0.8996076971969578,
            3.3355538856634794
        ],
        [
            0.0,
            0.0,
            0.0,
            0.0
        ]
    ],
    "res_x": 848,
    "res_y": 480,
    "trans": true,
    "mode": "RGBA",
    "far_plane": 1.5
}