{
    "pose": [
        [
            0.9994578615011337,
            -0.0008997201193286562,
            0.032911602624112385,
            0.10312406721195652
        ],
        [
            -0.0008997201193286562,
            0.9985068459539074,
            0.054619310567662595,
            0.17114224179176607
        ],
        [
            -0.032911602624112385,
            -0.054619310567662595,
            0.9979647074550411,
            3.126987790359229
        ],
        [
            0.0,
            0.0,
            0.0,
            0.0
        ]
    ],
    "res_x": 848,
    "res_y": 480,
    "trans": true,
    "mode": "RGBA",
    "far_plane": 1.5
}