{
    "pose": [
        [
            0.9994548722580138,
            -0.0009110489968245073,
            0.03300194402520333,
            0.10228302618502834
        ],
        [
            -0.0009110489968245073,
            0.9984774022477909,
            0.055154756732565084,
            0.1709413064514482
        ],
        [
            -0.03300194402520333,
            -0.055154756732565084,
            0.9979322745058047,
            5.592894554521117
        ],
        [
            0.0,
            0.0,
            0.0,
            0.0
        ]
    ],
    "res_x": 848,
    "res_y": 480,
    "trans": true,
    "mode": "RGBA",
    "far_plane": 1.5
}