{
    "pose": [
        [
            0.9779584322380588,
            -0.0419624311791298,
            0.20453962741731746,
            0.5813582014973675
        ],
        [
            -0.0419624311791298,
            0.9201125051774391,
            0.3893997074801595,
            1.1067816855967338
        ],
        [
            -0.20453962741731746,
            -0.3893997074801595,
            0.8980709374154979,
            2.552566031264438
        ],
        [
            0.0,
            0.0,
            0.0,
            0.0
        ]
    ],
    "res_x": 848,
    "res_y": 480,
    "trans": true,
    "mode": "RGBA",
    "far_plane": 1.5
}