{
    "pose": [
        [
            0.9995951221849152,
            -0.000676969120187426,
            0.028445270554781285,
            0.06709843180665388
        ],
        [
            -0.000676969120187426,
            0.9988680852034548,
            0.04756143474280443,
            0.11219080091260604
        ],
        [
            -0.028445270554781285,
            -0.04756143474280443,
            0.99846320738837,
            2.3552356551989417
        ],
        [
            0.0,
            0.0,
            0.0,
            0.0
        ]
    ],
    "res_x": 848,
    "res_y": 480,
    "trans": true,
    "mode": "RGBA",
    "far_plane": 1.5
}