{
    "pose": [
        [
            0.9996147321592257,
            -0.0006487376397744314,
            0.027748268229104103,
            0.066477171323533
        ],
        [
            -0.0006487376397744314,
            0.9989076157397041,
            0.04672423735808275,
            0.11193834174331727
        ],
        [
            -0.027748268229104103,
            -0.04672423735808275,
            0.9985223478989298,
            4.8921832037803075
        ],
        [
            0.0,
            0.0,
            0.0,
            0.0
        ]
    ],
    "res_x": 848,
    "res_y": 480,
    "trans": true,
    "mode": "RGBA",
    "far_plane": 1.5
}