{
    "pose": [
        [
            0.977988322901525,
            -0.042344267387547554,
            0.20431789761955332,
            0.42718167561506515
        ],
        [
            -0.042344267387547554,
            0.9185415553496217,
            0.39305009110202455,
            0.8217772328015007
        ],
        [
            -0.20431789761955332,
            -0.39305009110202455,
            0.8965298782511467,
            1.8744375313777883
        ],
        [
            0.0,
            0.0,
            0.0,
            0.0
        ]
    ],
    "res_x": 848,
    "res_y": 480,
    "trans": true,
    "mode": "RGBA",
    "far_plane": 1.5
}