{
    "pose": [
        [
            0.999750472838492,
            -0.0004232513358162384,
            0.022334120030085315,
            0.040254913312602975
        ],
        [
            -0.0004232513358162384,
            0.999282075377335,
            0.037883435534185037,
            0.06828092673263816
        ],
        [
            -0.022334120030085315,
            -0.037883435534185037,
            0.9990325482158271,
            4.300651584693008
        ],
        [
            0.0,
            0.0,
            0.0,
            0.0
        ]
    ],
    "res_x": 848,
    "res_y": 480,
    "trans": true,
    "mode": "RGBA",
    "far_plane": 1.5
}