{
    "pose": [
        [
            0.99971136455684,
            -0.0004861363860926269,
            0.024019809477077242,
            0.040701252444107855
        ],
        [
            -0.0004861363860926269,
            0.999181221185812,
            0.04045554227845278,
            0.06855138633010273
        ],
        [
            -0.024019809477077242,
            -0.04045554227845278,
            0.9988925857426519,
            1.6926103987485257
        ],
        [
            0.0,
            0.0,
            0.0,
            0.0
        ]
    ],
    "res_x": 848,
    "res_y": 480,
    "trans": true,
    "mode": "RGBA",
    "far_plane": 1.5
}