{
    "pose": [
        [
            0.9780182060335394,
            -0.0427219082782172,
            0.20409612250115106,
            0.2966941176980751
        ],
        [
            -0.0427219082782172,
            0.9169694043299105,
            0.3966635224921959,
            0.5766289549580683
        ],
        [
            -0.20409612250115106,
            -0.3966635224921959,
            0.8949876103634499,
            1.3010416668057707
        ],
        [
            0.0,
            0.0,
            0.0,
            0.0
        ]
    ],
    "res_x": 848,
    "res_y": 480,
    "trans": true,
    "mode": "RGBA",
    "far_plane": 1.5
}