{
    "pose": [
        [
            0.9998072800166453,
            -0.0003268984864298252,
            0.0196289572595433,
            0.022383712510817565
        ],
        [
            -0.0003268984864298252,
            0.9994455031669787,
            0.033295335058901046,
            0.03796804884005978
        ],
        [
            -0.0196289572595433,
            -0.033295335058901046,
            0.999252783183624,
            1.1394893130933925
        ],
        [
            0.0,
            0.0,
            0.0,
            0.0
        ]
    ],
    "res_x": 848,
    "res_y": 480,
    "trans": true,
    "mode": "RGBA",
    "far_plane": 1.5
}