{
    "pose": [
        [
            0.9998600150503821,
            -0.00023913491942720842,
            0.01673000651344442,
            0.022073584229980327
        ],
        [
            -0.00023913491942720842,
            0.9995914881575085,
            0.028579706393658134,
            0.037708087910280054
        ],
        [
            -0.01673000651344442,
            -0.028579706393658134,
            0.9994515032078907,
            3.8186771279563447
        ],
        [
            0.0,
            0.0,
            0.0,
            0.0
        ]
    ],
    "res_x": 848,
    "res_y": 480,
    "trans": true,
    "mode": "RGBA",
    "far_plane": 1.5
}