{
    "pose": [
        [
            0.9780479675301936,
            -0.04309402593679936,
            0.20387515331353093,
            0.18990833712847877
        ],
        [
            -0.04309402593679936,
            0.9154021353605479,
            0.40022722984063397,
            0.37280897871691665
        ],
        [
            -0.20387515331353093,
            -0.40022722984063397,
            0.8934501028907416,
            0.8322427750002235
        ],
        [
            0.0,
            0.0,
            0.0,
            0.0
        ]
    ],
    "res_x": 848,
    "res_y": 480,
    "trans": true,
    "mode": "RGBA",
    "far_plane": 1.5
}