{
    "pose": [
        [
            0.9998835195310251,
            -0.0001989413998128039,
            0.015261316868792625,
            0.010629989857963582
        ],
        [
            -0.0001989413998128039,
            0.999660220456633,
            0.026065380467494646,
            0.01815536184691973
        ],
        [
            -0.015261316868792625,
            -0.026065380467494646,
            0.9995437399876581,
            0.6962138267626693
        ],
        [
            0.0,
            0.0,
            0.0,
            0.0
        ]
    ],
    "res_x": 848,
    "res_y": 480,
    "trans": true,
    "mode": "RGBA",
    "far_plane": 1.5
}