{
    "pose": [
        [
            0.9999393922731501,
            -0.00010424765117687396,
            0.01100912861358687,
            0.010423757313696148
        ],
        [
            -0.00010424765117687396,
            0.9998206899789723,
            0.018936130079793355,
            0.017929268640639272
        ],
        [
            -0.01100912861358687,
            -0.018936130079793355,
            0.9997600822521224,
            3.4466013919081364
        ],
        [
            0.0,
            0.0,
            0.0,
            0.0
        ]
    ],
    "res_x": 848,
    "res_y": 480,
    "trans": true,
    "mode": "RGBA",
    "far_plane": 1.5
}