{
    "pose": [
        [
            0.9999406817071403,
            -0.00010198634799769599,
            0.010891403300042717,
            0.003955481199123111
        ],
        [
            -0.00010198634799769599,
            0.999824654171985,
            0.018725664438291253,
            0.006800685970967467
        ],
        [
            -0.010891403300042717,
            -0.018725664438291253,
            0.9997653358791253,
            0.36308939083996383
        ],
        [
            0.0,
            0.0,
            0.0,
            0.0
        ]
    ],
    "res_x": 848,
    "res_y": 480,
    "trans": true,
    "mode": "RGBA",
    "far_plane": 1.5
}