{
    "pose": [
        [
            0.9780773455899309,
            -0.04345752613545051,
            0.2036569406279626,
            0.10683601380643637
        ],
        [
            -0.04345752613545051,
            0.9138536537370242,
            0.40371146004749187,
            0.21178224020482236
        ],
        [
            -0.2036569406279626,
            -0.40371146004749187,
            0.8919309993269551,
            0.46789641573059926
        ],
        [
            0.0,
            0.0,
            0.0,
            0.0
        ]
    ],
    "res_x": 848,
    "res_y": 480,
    "trans": true,
    "mode": "RGBA",
    "far_plane": 1.5
}