{
    "pose": [
        [
            0.99998437862591,
            -2.7045894922104473e-05,
            0.005589434020725921,
            0.0038274918857191505
        ],
        [
            -2.7045894922104473e-05,
            0.9999531743860733,
            0.009677205368014696,
            0.006626686151973506
        ],
        [
            -0.005589434020725921,
            -0.009677205368014696,
            0.9999375530119834,
            3.184729948718881
        ],
        [
            0.0,
            0.0,
            0.0,
            0.0
        ]
    ],
    "res_x": 848,
    "res_y": 480,
    "trans": true,
    "mode": "RGBA",
    "far_plane": 1.5
}