{
    "pose": [
        [
            0.999979210181194,
            -3.597373809311012e-05,
            0.006448093616391474,
            0.0009052931841519074
        ],
        [
            -3.597373809311012e-05,
            0.9999377527123029,
            0.011157482088692276,
            0.0015664773323875497
        ],
        [
            -0.006448093616391474,
            -0.011157482088692276,
            0.9999169628934969,
            0.1403853704797702
        ],
        [
            0.0,
            0.0,
            0.0,
            0.0
        ]
    ],
    "res_x": 848,
    "res_y": 480,
    "trans": true,
    "mode": "RGBA",
    "far_plane": 1.5
}