{
    "pose": [
        [
            0.9999987693338086,
            -2.1437573916059032e-06,
            0.0015688614573908534,
            0.0008367286064963149
        ],
        [
            -2.1437573916059032e-06,
            0.9999962656845647,
            0.0027328762009528993,
            0.0014575383215501983
        ],
        [
            -0.0015688614573908534,
            -0.0027328762009528993,
            0.9999950350183733,
            3.0333322762264165
        ],
        [
            0.0,
            0.0,
            0.0,
            0.0
        ]
    ],
    "res_x": 848,
    "res_y": 480,
    "trans": true,
    "mode": "RGBA",
    "far_plane": 1.5
}