{
    "pose": [
        [
            0.9781055623371191,
            -0.043803128622054835,
            0.20344727780952926,
            0.04748771474302305
        ],
        [
            -0.043803128622054835,
            0.9123652268843971,
            0.4070269999583594,
            0.09500634402602799
        ],
        [
            -0.20344727780952926,
            -0.4070269999583594,
            0.8904707892215162,
            0.20784953861675762
        ],
        [
            0.0,
            0.0,
            0.0,
            0.0
        ]
    ],
    "res_x": 848,
    "res_y": 480,
    "trans": true,
    "mode": "RGBA",
    "far_plane": 1.5
}