{
    "pose": [
        [
            0.978128753440954,
            -0.04408438771030555,
            0.2032749577598112,
            0.011872911561987132
        ],
        [
            -0.04408438771030555,
            0.911142090847642,
            0.4097275400140864,
            0.023931422250476377
        ],
        [
            -0.2032749577598112,
            -0.4097275400140864,
            0.8892708442885959,
            0.051940653217932
        ],
        [
            0.0,
            0.0,
            0.0,
            0.0
        ]
    ],
    "res_x": 848,
    "res_y": 480,
    "trans": true,
    "mode": "RGBA",
    "far_plane": 1.5
}