{
    "pose": [
        [
            0.9999982433615973,
            -3.0726017276329314e-06,
            0.0018743703686123167,
            5.3110548629222284e-05
        ],
        [
            -3.0726017276329314e-06,
            0.9999946255977541,
            0.0032785310989351633,
            9.28976408709054e-05
        ],
        [
            -0.0018743703686123167,
            -0.0032785310989351633,
            0.9999928689593514,
            0.028334938913412863
        ],
        [
            0.0,
            0.0,
            0.0,
            0.0
        ]
    ],
    "res_x": 848,
    "res_y": 480,
    "trans": true,
    "mode": "RGBA",
    "far_plane": 1.5
}