{
    "pose": [
        [
            0.9999999979211829,
            -3.6637289756614457e-09,
            6.447971881979372e-05,
            3.176539557057956e-05
        ],
        [
            -3.6637289756614457e-09,
            0.9999999935430057,
            0.0001136397312855626,
            5.5983665606682776e-05
        ],
        [
            -6.447971881979372e-05,
            -0.0001136397312855626,
            0.9999999914641886,
            2.992641653544012
        ],
        [
            0.0,
            0.0,
            0.0,
            0.0
        ]
    ],
    "res_x": 848,
    "res_y": 480,
    "trans": true,
    "mode": "RGBA",
    "far_plane": 1.5
}