{
    "pose": [
        [
            0.9423781920552486,
            -0.06439623248200126,
            0.3282932658170206,
            42.33951029462995
        ],
        [
            -0.06439623248200126,
            0.9280328940415747,
            0.36688972841842205,
            47.31724056144316
        ],
        [
            -0.3282932658170206,
            -0.36688972841842205,
            0.8704110860968234,
            114.75566582561873
        ],
        [
            0.0,
            0.0,
            0.0,
            0.0
        ]
    ],
    "res_x": 848,
    "res_y": 480,
    "trans": true,
    "mode": "RGBA",
    "far_plane": 1.5
}