{
    "pose": [
        [
            0.9439026767229931,
            -0.06278639722008887,
            0.3241999463283269,
            42.63920646848644
        ],
        [
            -0.06278639722008887,
            0.929726920188105,
            0.36285771619418855,
            47.723527578312876
        ],
        [
            -0.3241999463283269,
            -0.36285771619418855,
            0.8736295969110981,
            114.9009220437928
        ],
        [
            0.0,
            0.0,
            0.0,
            0.0
        ]
    ],
    "res_x": 848,
    "res_y": 480,
    "trans": true,
    "mode": "RGBA",
    "far_plane": 1.5
}