{
    "pose": [
        [
            0.9443920250896155,
            -0.062117637134947716,
            0.3229010716982927,
            42.34552546668489
        ],
        [
            -0.062117637134947716,
            0.9306106570245114,
            0.360700990003047,
            47.30263940500028
        ],
        [
            -0.3229010716982927,
            -0.360700990003047,
            0.8750026821141269,
            114.7486075657929
        ],
        [
            0.0,
            0.0,
            0.0,
            0.0
        ]
    ],
    "res_x": 848,
    "res_y": 480,
    "trans": true,
    "mode": "RGBA",
    "far_plane": 1.5
}