{
    "pose": [
        [
            0.9672619788112394,
            -0.041638417566440364,
            0.2503407807943566,
            16.519664143426347
        ],
        [
            -0.041638417566440364,
            0.9470414596092792,
            0.3184002449177588,
            21.01082010104779
        ],
        [
            -0.2503407807943566,
            -0.3184002449177588,
            0.9143034384205186,
            60.33370064581722
        ],
        [
            0.0,
            0.0,
            0.0,
            0.0
        ]
    ],
    "res_x": 848,
    "res_y": 480,
    "trans": true,
    "mode": "RGBA",
    "far_plane": 1.5
}