{
    "pose": [
        [
            0.1538083003921606,
            0.7167407331656449,
            0.680165956330989,
            -8.862746029566079
        ],
        [
            -0.7167407331656449,
            0.5547637519991648,
            -0.4225161545893636,
            41.300053839070095
        ],
        [
            -0.680165956330989,
            -0.4225161545893636,
            0.5990445483929958,
            39.19254106279516
        ],
        [
            0.0,
            0.0,
            0.0,
            0.0
        ]
    ],
    "res_x": 848,
    "res_y": 480,
    "trans": true,
    "mode": "RGBA",
    "far_plane": 1.5
}