{
    "pose": [
        [
            1.0,
            -2.5464028917759485e-18,
            -1.1430162463499916e-09,
            -5.715081230175689e-10
        ],
        [
            -2.5464028917759485e-18,
            1.0,
            -4.455584773895226e-09,
            -2.227792386333948e-09
        ],
        [
            1.1430162463499916e-09,
            4.455584773895226e-09,
            1.0,
            2.9999999998622706
        ],
        [
            0.0,
            0.0,
            0.0,
            0.0
        ]
    ],
    "res_x": 848,
    "res_y": 480,
    "trans": true,
    "mode": "RGBA",
    "far_plane": 1.5
}