{
    "pose": [
        [
            0.9795200674522999,
            -0.04239202244550582,
            -0.19683331499322357,
            -6.3226357386724e-10
        ],
        [
            -0.04239202244550582,
            0.9122514899482869,
            -0.4074311420597479,
            -1.3087412056865269e-09
        ],
        [
            0.19683331499322357,
            0.4074311420597479,
            0.8917715574005868,
            2.864528659564875e-09
        ],
        [
            0.0,
            0.0,
            0.0,
            0.0
        ]
    ],
    "res_x": 848,
    "res_y": 480,
    "trans": true,
    "mode": "RGBA",
    "far_plane": 1.5
}