{
    "pose": [
        [
            0.9461951775554264,
            -0.0605132385233904,
            0.3178880839765254,
            41.44660999559254
        ],
        [
            -0.0605132385233904,
            0.9319419362388761,
            0.35752255235543634,
            46.614197068169545
        ],
        [
            -0.3178880839765254,
            -0.35752255235543634,
            0.8781371137943025,
            114.49251580243374
        ],
        [
            0.0,
            0.0,
            0.0,
            0.0
        ]
    ],
    "res_x": 848,
    "res_y": 480,
    "trans": true,
    "mode": "RGBA",
    "far_plane": 1.5
}