{
    "pose": [
        [
            0.9455885592549497,
            -0.06134445348774938,
            0.31952955204869216,
            41.81035883151143
        ],
        [
            -0.06134445348774938,
            0.9308391411404968,
            0.36024346121354056,
            47.13776326312554
        ],
        [
            -0.31952955204869216,
            -0.36024346121354056,
            0.8764277003954465,
            114.6803367903385
        ],
        [
            0.0,
            0.0,
            0.0,
            0.0
        ]
    ],
    "res_x": 848,
    "res_y": 480,
    "trans": true,
    "mode": "RGBA",
    "far_plane": 1.5
}