{
    "pose": [
        [
            0.24619798165191226,
            0.7284625332930654,
            0.6393190841972217,
            -13.185062166601892
        ],
        [
            -0.7284625332930654,
            0.5741786857106517,
            -0.3737126897281362,
            39.012601659298646
        ],
        [
            -0.6393190841972217,
            -0.3737126897281362,
            0.6720192959412605,
            34.238549856811495
        ],
        [
            0.0,
            0.0,
            0.0,
            0.0
        ]
    ],
    "res_x": 848,
    "res_y": 480,
    "trans": true,
    "mode": "RGBA",
    "far_plane": 1.5
}