{
    "pose": [
        [
            0.9442384688487985,
            -0.06275023187097356,
            0.32322766333687425,
            41.4387943166336
        ],
        [
            -0.06275023187097356,
            0.9293851600096154,
            0.36373841253576816,
            46.63239868308939
        ],
        [
            -0.32322766333687425,
            -0.36373841253576816,
            0.8736236288584138,
            114.50127332135094
        ],
        [
            0.0,
            0.0,
            0.0,
            0.0
        ]
    ],
    "res_x": 848,
    "res_y": 480,
    "trans": true,
    "mode": "RGBA",
    "far_plane": 1.5
}