{
    "pose": [
        [
            0.9682705727844162,
            -0.04248574101806601,
            0.2462662374136667,
            12.497371848387937
        ],
        [
            -0.04248574101806601,
            0.9431115419263656,
            0.3297507866486736,
            16.733995862878324
        ],
        [
            -0.2462662374136667,
            -0.3297507866486736,
            0.9113821147107818,
            46.25027491843549
        ],
        [
            0.0,
            0.0,
            0.0,
            0.0
        ]
    ],
    "res_x": 848,
    "res_y": 480,
    "trans": true,
    "mode": "RGBA",
    "far_plane": 1.5
}