{
    "pose": [
        [
            -0.40824829046386296,
            0.408248290463863,
            0.816496580927726,
            50.0
        ],
        [
            -0.408248290463863,
            0.7183503419072275,
            -0.5632993161855452,
            50.0
        ],
        [
            -0.816496580927726,
            -0.5632993161855452,
            -0.12659863237109037,
            100.0
        ],
        [
            0.0,
            0.0,
            0.0,
            0.0
        ]
    ],
    "res_x": 848,
    "res_y": 480,
    "trans": true,
    "mode": "RGBA",
    "far_plane": 1.5
}